title,score,episode,aired,user
Fullmetal Alchemist: Brotherhood,9.10,TV (64 eps),Apr 2009 - Jul 2010,"3,232,824 members"
Steins;Gate,9.07,TV (24 eps),Apr 2011 - Sep 2011,"2,484,561 members"
Gintama°,9.06,TV (51 eps),Apr 2015 - Mar 2016,"608,541 members"
Bleach: Sennen Kessen-hen,9.05,TV (13 eps),Oct 2022 - Dec 2022,"483,862 members"
Gintama: The Final,9.05,Movie (1 eps),Jan 2021 - Jan 2021,"139,044 members"
Shingeki no Kyojin Season 3 Part 2,9.05,TV (10 eps),Apr 2019 - Jul 2019,"2,161,148 members"
Gintama',9.04,TV (51 eps),Apr 2011 - Mar 2012,"537,338 members"
Hunter x Hunter (2011),9.04,TV (148 eps),Oct 2011 - Sep 2014,"2,716,537 members"
Kaguya-sama wa Kokurasetai: Ultra Romantic,9.04,TV (13 eps),Apr 2022 - Jun 2022,"860,821 members"
Gintama': Enchousen,9.03,TV (13 eps),Oct 2012 - Mar 2013,"314,985 members"
Shingeki no Kyojin: The Final Season - Kanketsu-hen,9.03,Special (2 eps),Mar 2023 - Nov 2023,"483,588 members"
Ginga Eiyuu Densetsu,9.02,OVA (110 eps),Jan 1988 - Mar 1997,"310,757 members"
Sousou no Frieren,9.01,TV (? eps),Sep 2023 -,"136,001 members"
Fruits Basket: The Final,8.99,TV (13 eps),Apr 2021 - Jun 2021,"447,951 members"
Gintama.,8.98,TV (12 eps),Jan 2017 - Mar 2017,"303,888 members"
Gintama,8.94,TV (201 eps),Apr 2006 - Mar 2010,"1,038,575 members"
Koe no Katachi,8.94,Movie (1 eps),Sep 2016 - Sep 2016,"2,240,291 members"
3-gatsu no Lion 2nd Season,8.93,TV (22 eps),Oct 2017 - Mar 2018,"390,127 members"
Clannad: After Story,8.93,TV (24 eps),Oct 2008 - Mar 2009,"1,164,762 members"
Code Geass: Hangyaku no Lelouch R2,8.91,TV (25 eps),Apr 2008 - Sep 2008,"1,727,788 members"
Gintama Movie 2: Kanketsu-hen - Yorozuya yo Eien Nare,8.91,Movie (1 eps),Jul 2013 - Jul 2013,"233,556 members"
Violet Evergarden Movie,8.89,Movie (1 eps),Sep 2020 - Sep 2020,"570,019 members"
Owarimonogatari 2nd Season,8.88,TV (7 eps),Aug 2017 - Aug 2017,"386,800 members"
Gintama.: Shirogane no Tamashii-hen - Kouhan-sen,8.88,TV (14 eps),Jul 2018 - Oct 2018,"190,464 members"
Monster,8.87,TV (74 eps),Apr 2004 - Sep 2005,"1,050,927 members"
Bleach: Sennen Kessen-hen - Ketsubetsu-tan,8.86,TV (13 eps),Jul 2023 - Sep 2023,"199,979 members"
Kimi no Na wa.,8.84,Movie (1 eps),Aug 2016 - Aug 2016,"2,648,101 members"
The First Slam Dunk,8.83,Movie (1 eps),Dec 2022 - Dec 2022,"29,136 members"
Jujutsu Kaisen 2nd Season,8.83,TV (23 eps),Jul 2023 -,"603,294 members"
Kaguya-sama wa Kokurasetai: First Kiss wa Owaranai,8.83,Movie (1 eps),Dec 2022 - Dec 2022,"212,723 members"
Bocchi the Rock!,8.82,TV (12 eps),Oct 2022 - Dec 2022,"477,698 members"
Gintama.: Shirogane no Tamashii-hen,8.81,TV (12 eps),Jan 2018 - Mar 2018,"204,780 members"
Kingdom 3rd Season,8.81,TV (26 eps),Apr 2020 - Oct 2021,"94,529 members"
Vinland Saga Season 2,8.81,TV (24 eps),Jan 2023 - Jun 2023,"509,892 members"
Mob Psycho 100 II,8.80,TV (13 eps),Jan 2019 - Apr 2019,"1,466,884 members"
Kizumonogatari III: Reiketsu-hen,8.79,Movie (1 eps),Jan 2017 - Jan 2017,"447,512 members"
Shingeki no Kyojin: The Final Season,8.79,TV (16 eps),Dec 2020 - Mar 2021,"1,894,777 members"
Kimetsu no Yaiba: Yuukaku-hen,8.78,TV (11 eps),Dec 2021 - Feb 2022,"1,317,286 members"
Sen to Chihiro no Kamikakushi,8.78,Movie (1 eps),Jul 2001 - Jul 2001,"1,793,758 members"
Haikyuu!! Karasuno Koukou vs. Shiratorizawa Gakuen Koukou,8.78,TV (10 eps),Oct 2016 - Dec 2016,"1,162,587 members"
"""Oshi no Ko""",8.77,TV (11 eps),Apr 2023 - Jun 2023,"666,505 members"
Monogatari Series: Second Season,8.77,TV (26 eps),Jul 2013 - Dec 2013,"655,156 members"
Shingeki no Kyojin: The Final Season Part 2,8.77,TV (12 eps),Jan 2022 - Apr 2022,"1,181,971 members"
Hajime no Ippo,8.76,TV (75 eps),Oct 2000 - Mar 2002,"562,921 members"
Cowboy Bebop,8.75,TV (26 eps),Apr 1998 - Apr 1999,"1,805,071 members"
Kingdom 4th Season,8.74,TV (26 eps),Apr 2022 - Oct 2022,"56,708 members"
Vinland Saga,8.74,TV (24 eps),Jul 2019 - Dec 2019,"1,416,867 members"
Mushishi Zoku Shou 2nd Season,8.73,TV (10 eps),Oct 2014 - Dec 2014,"258,506 members"
Shouwa Genroku Rakugo Shinjuu: Sukeroku Futatabi-hen,8.72,TV (12 eps),Jan 2017 - Mar 2017,"183,097 members"
Ashita no Joe 2,8.72,TV (47 eps),Oct 1980 - Aug 1981,"49,200 members"
86 Part 2,8.71,TV (12 eps),Oct 2021 - Mar 2022,"456,533 members"
Mob Psycho 100 III,8.71,TV (12 eps),Oct 2022 - Dec 2022,"609,750 members"
One Piece,8.71,TV (? eps),Oct 1999 -,"2,242,749 members"
Rurouni Kenshin: Meiji Kenkaku Romantan - Tsuioku-hen,8.71,OVA (4 eps),Feb 1999 - Sep 1999,"272,064 members"
Bungou Stray Dogs 5th Season,8.70,TV (11 eps),Jul 2023 - Sep 2023,"130,188 members"
Code Geass: Hangyaku no Lelouch,8.70,TV (25 eps),Oct 2006 - Jul 2007,"2,185,692 members"
Great Teacher Onizuka,8.69,TV (43 eps),Jun 1999 - Sep 2000,"801,582 members"
Mushishi Zoku Shou,8.69,TV (10 eps),Apr 2014 - Jun 2014,"292,321 members"
Mushoku Tensei: Isekai Ittara Honki Dasu Part 2,8.69,TV (12 eps),Oct 2021 - Dec 2021,"840,518 members"
Shiguang Dailiren,8.69,ONA (11 eps),Apr 2021 - Jul 2021,"328,187 members"
Odd Taxi,8.68,TV (13 eps),Apr 2021 - Jun 2021,"404,941 members"
Mononoke Hime,8.67,Movie (1 eps),Jul 1997 - Jul 1997,"1,213,283 members"
Fate/stay night Movie: Heaven's Feel - III. Spring Song,8.67,Movie (1 eps),Aug 2020 - Aug 2020,"333,872 members"
Violet Evergarden,8.67,TV (13 eps),Jan 2018 - Apr 2018,"1,712,940 members"
Made in Abyss,8.66,TV (13 eps),Jul 2017 - Sep 2017,"1,325,164 members"
Mushishi,8.66,TV (26 eps),Oct 2005 - Jun 2006,"805,994 members"
Hajime no Ippo: New Challenger,8.66,TV (26 eps),Jan 2009 - Jul 2009,"274,321 members"
Howl no Ugoku Shiro,8.66,Movie (1 eps),Nov 2004 - Nov 2004,"1,283,347 members"
Made in Abyss: Retsujitsu no Ougonkyou,8.65,TV (12 eps),Jul 2022 - Sep 2022,"406,484 members"
Shigatsu wa Kimi no Uso,8.65,TV (22 eps),Oct 2014 - Mar 2015,"2,146,423 members"
Natsume Yuujinchou Shi,8.64,TV (13 eps),Jan 2012 - Mar 2012,"239,542 members"
Kaguya-sama wa Kokurasetai? Tensai-tachi no Renai Zunousen,8.64,TV (12 eps),Apr 2020 - Jun 2020,"1,288,381 members"
Haikyuu!! Second Season,8.63,TV (25 eps),Oct 2015 - Mar 2016,"1,384,365 members"
Jujutsu Kaisen,8.63,TV (24 eps),Oct 2020 - Mar 2021,"2,350,520 members"
Tengen Toppa Gurren Lagann,8.63,TV (27 eps),Apr 2007 - Sep 2007,"1,569,877 members"
Death Note,8.62,TV (37 eps),Oct 2006 - Jun 2007,"3,778,701 members"
Made in Abyss Movie 3: Fukaki Tamashii no Reimei,8.62,Movie (1 eps),Jan 2020 - Jan 2020,"437,657 members"
Natsume Yuujinchou Roku,8.62,TV (11 eps),Apr 2017 - Jun 2017,"180,779 members"
Ping Pong the Animation,8.62,TV (11 eps),Apr 2014 - Jun 2014,"381,559 members"
Shingeki no Kyojin Season 3,8.62,TV (12 eps),Jul 2018 - Oct 2018,"2,263,222 members"
Kimetsu no Yaiba Movie: Mugen Ressha-hen,8.61,Movie (1 eps),Oct 2020 - Oct 2020,"1,454,225 members"
JoJo no Kimyou na Bouken Part 6: Stone Ocean Part 3,8.61,ONA (14 eps),Dec 2022 - Dec 2022,"170,073 members"
Cyberpunk: Edgerunners,8.60,ONA (10 eps),Sep 2022 - Sep 2022,"642,983 members"
Evangelion: 3.0+1.0 Thrice Upon a Time,8.60,Movie (1 eps),Mar 2021 - Mar 2021,"357,715 members"
Hajime no Ippo: Rising,8.60,TV (25 eps),Oct 2013 - Mar 2014,"248,338 members"
Suzumiya Haruhi no Shoushitsu,8.60,Movie (1 eps),Feb 2010 - Feb 2010,"596,914 members"
Seishun Buta Yarou wa Yumemiru Shoujo no Yume wo Minai,8.60,Movie (1 eps),Jun 2019 - Jun 2019,"681,541 members"
Mushishi Zoku Shou: Suzu no Shizuku,8.59,Movie (1 eps),May 2015 - May 2015,"125,042 members"
JoJo no Kimyou na Bouken Part 5: Ougon no Kaze,8.58,TV (39 eps),Oct 2018 - Jul 2019,"981,600 members"
Spy x Family,8.58,TV (12 eps),Apr 2022 - Jun 2022,"1,420,279 members"
Tengen Toppa Gurren Lagann Movie 2: Lagann-hen,8.57,Movie (1 eps),Apr 2009 - Apr 2009,"210,196 members"
Kenpuu Denki Berserk,8.57,TV (25 eps),Oct 1997 - Apr 1998,"626,481 members"
Kizumonogatari II: Nekketsu-hen,8.57,Movie (1 eps),Aug 2016 - Aug 2016,"431,992 members"
Natsume Yuujinchou Go,8.57,TV (11 eps),Oct 2016 - Dec 2016,"180,302 members"
Natsume Yuujinchou San,8.57,TV (13 eps),Jul 2011 - Sep 2011,"246,867 members"
Ookami Kodomo no Ame to Yuki,8.57,Movie (1 eps),Jul 2012 - Jul 2012,"794,526 members"
Shouwa Genroku Rakugo Shinjuu,8.57,TV (13 eps),Jan 2016 - Apr 2016,"285,027 members"
Yojouhan Shinwa Taikei,8.56,TV (11 eps),Apr 2010 - Jul 2010,"437,093 members"
Kimi no Suizou wo Tabetai,8.55,Movie (1 eps),Sep 2018 - Sep 2018,"921,467 members"
Neon Genesis Evangelion: The End of Evangelion,8.55,Movie (1 eps),Jul 1997 - Jul 1997,"899,912 members"
Shoujo☆Kageki Revue Starlight Movie,8.55,Movie (1 eps),Jun 2021 - Jun 2021,"17,438 members"
Chainsaw Man,8.55,TV (12 eps),Oct 2022 - Dec 2022,"1,363,882 members"
Fate/Zero 2nd Season,8.55,TV (12 eps),Apr 2012 - Jun 2012,"1,090,691 members"
Fruits Basket 2nd Season,8.55,TV (25 eps),Apr 2020 - Sep 2020,"485,297 members"
Haikyuu!! To the Top Part 2,8.55,TV (12 eps),Oct 2020 - Dec 2020,"776,818 members"
Zoku Natsume Yuujinchou,8.54,TV (13 eps),Jan 2009 - Mar 2009,"242,893 members"
Nana,8.54,TV (47 eps),Apr 2006 - Mar 2007,"635,254 members"
Perfect Blue,8.54,Movie (1 eps),Feb 1998 - Feb 1998,"674,813 members"
Shingeki no Kyojin,8.54,TV (25 eps),Apr 2013 - Sep 2013,"3,811,260 members"
Slam Dunk,8.54,TV (101 eps),Oct 1993 - Mar 1996,"290,045 members"
Mushishi: Hihamukage,8.53,Special (1 eps),Jan 2014 - Jan 2014,"135,571 members"
Ousama Ranking,8.53,TV (23 eps),Oct 2021 - Mar 2022,"601,458 members"
Bakuman. 3rd Season,8.53,TV (25 eps),Oct 2012 - Mar 2013,"324,323 members"
Steins;Gate 0,8.53,TV (23 eps),Apr 2018 - Sep 2018,"844,894 members"
Yuru Camp△ Season 2,8.53,TV (13 eps),Jan 2021 - Apr 2021,"211,440 members"
Kara no Kyoukai Movie 5: Mujun Rasen,8.52,Movie (1 eps),Aug 2008 - Aug 2008,"233,836 members"
Koukaku Kidoutai: Stand Alone Complex 2nd GIG,8.52,TV (26 eps),Jan 2004 - Jan 2005,"223,103 members"
Sora yori mo Tooi Basho,8.52,TV (13 eps),Jan 2018 - Mar 2018,"487,790 members"
Gintama Movie 1: Shinyaku Benizakura-hen,8.52,Movie (1 eps),Apr 2010 - Apr 2010,"159,880 members"
Gintama.: Porori-hen,8.52,TV (13 eps),Oct 2017 - Dec 2017,"195,161 members"
Hotaru no Haka,8.51,Movie (1 eps),Apr 1988 - Apr 1988,"651,561 members"
Yakusoku no Neverland,8.51,TV (12 eps),Jan 2019 - Mar 2019,"1,902,488 members"
Samurai Champloo,8.51,TV (26 eps),May 2004 - Mar 2005,"1,205,816 members"
Shingeki no Kyojin Season 2,8.51,TV (12 eps),Apr 2017 - Jun 2017,"2,617,634 members"
Karakai Jouzu no Takagi-san Movie,8.50,Movie (1 eps),Jun 2022 - Jun 2022,"65,002 members"
One Punch Man,8.50,TV (12 eps),Oct 2015 - Dec 2015,"3,112,877 members"
JoJo no Kimyou na Bouken Part 4: Diamond wa Kudakenai,8.50,TV (39 eps),Apr 2016 - Dec 2016,"1,080,414 members"
Summertime Render,8.50,TV (25 eps),Apr 2022 - Sep 2022,"474,038 members"
Uchuu Kyoudai,8.49,TV (99 eps),Apr 2012 - Mar 2014,"189,574 members"
Kimetsu no Yaiba,8.49,TV (26 eps),Apr 2019 - Sep 2019,"2,889,334 members"
Mob Psycho 100,8.49,TV (12 eps),Jul 2016 - Sep 2016,"1,997,182 members"
Ansatsu Kyoushitsu 2nd Season,8.49,TV (25 eps),Jan 2016 - Jul 2016,"1,386,215 members"
Fate/stay night Movie: Heaven's Feel - II. Lost Butterfly,8.49,Movie (1 eps),Jan 2019 - Jan 2019,"373,822 members"
Aria the Origination,8.48,TV (13 eps),Jan 2008 - Apr 2008,"125,622 members"
Banana Fish,8.48,TV (24 eps),Jul 2018 - Dec 2018,"829,905 members"
Rainbow: Nisha Rokubou no Shichinin,8.48,TV (26 eps),Apr 2010 - Sep 2010,"386,298 members"
Mahou Shoujo Madoka★Magica Movie 3: Hangyaku no Monogatari,8.47,Movie (1 eps),Oct 2013 - Oct 2013,"367,888 members"
Gintama: The Semi-Final,8.47,Special (2 eps),Jan 2021 - Jan 2021,"72,113 members"
Jujutsu Kaisen 0 Movie,8.47,Movie (1 eps),Dec 2021 - Dec 2021,"790,983 members"
Bungou Stray Dogs 4th Season,8.46,TV (13 eps),Jan 2023 - Mar 2023,"252,468 members"
Chihayafuru 3,8.46,TV (24 eps),Oct 2019 - Mar 2020,"135,618 members"
Yuu☆Yuu☆Hakusho,8.46,TV (112 eps),Oct 1992 - Jan 1995,"665,786 members"
Mo Dao Zu Shi: Wanjie Pian,8.46,ONA (12 eps),Aug 2021 - Oct 2021,"75,359 members"
Nichijou,8.46,TV (26 eps),Apr 2011 - Sep 2011,"868,409 members"
Road of Naruto,8.46,ONA (1 eps),Oct 2022 - Oct 2022,"30,332 members"
Owarimonogatari,8.45,TV (12 eps),Oct 2015 - Dec 2015,"467,355 members"
Golden Kamuy 3rd Season,8.45,TV (12 eps),Oct 2020 - Dec 2020,"159,569 members"
Steins;Gate Movie: Fuka Ryouiki no Déjà vu,8.45,Movie (1 eps),Apr 2013 - Apr 2013,"580,196 members"
Yuru Camp△ Movie,8.45,Movie (1 eps),Jul 2022 - Jul 2022,"70,266 members"
Zoku Owarimonogatari,8.45,Movie (6 eps),Nov 2018 - Nov 2018,"218,350 members"
Kono Subarashii Sekai ni Shukufuku wo! Movie: Kurenai Densetsu,8.44,Movie (1 eps),Aug 2019 - Aug 2019,"743,553 members"
Re:Zero kara Hajimeru Isekai Seikatsu 2nd Season Part 2,8.44,TV (12 eps),Jan 2021 - Mar 2021,"842,920 members"
Haikyuu!!,8.44,TV (25 eps),Apr 2014 - Sep 2014,"1,904,750 members"
JoJo no Kimyou na Bouken Part 3: Stardust Crusaders 2nd Season,8.44,TV (24 eps),Jan 2015 - Jun 2015,"1,072,753 members"
Fruits Basket: Prelude,8.43,Movie (1 eps),Feb 2022 - Feb 2022,"97,696 members"
Gintama: Yorinuki Gintama-san on Theater 2D,8.43,Movie (2 eps),Aug 2012 - Aug 2012,"43,211 members"
Grand Blue,8.43,TV (12 eps),Jul 2018 - Sep 2018,"748,769 members"
Mononoke,8.43,TV (12 eps),Jul 2007 - Sep 2007,"316,301 members"
Mushishi Zoku Shou: Odoro no Michi,8.43,Special (1 eps),Aug 2014 - Aug 2014,"98,337 members"
Saenai Heroine no Sodatekata Fine,8.43,Movie (1 eps),Oct 2019 - Oct 2019,"176,462 members"
Karakai Jouzu no Takagi-san 3,8.42,TV (12 eps),Jan 2022 - Mar 2022,"176,828 members"
Kono Oto Tomare! Part 2,8.42,TV (13 eps),Oct 2019 - Dec 2019,"169,075 members"
Koukaku Kidoutai: Stand Alone Complex,8.42,TV (26 eps),Oct 2002 - Oct 2003,"389,417 members"
Natsume Yuujinchou Movie: Utsusemi ni Musubu,8.42,Movie (1 eps),Sep 2018 - Sep 2018,"69,433 members"
Saiki Kusuo no Ψ-nan 2,8.42,TV (24 eps),Jan 2018 - Jun 2018,"618,071 members"
Saiki Kusuo no Ψ-nan,8.41,TV (120 eps),Jul 2016 - Dec 2016,"1,060,702 members"
Shingeki no Kyojin: Kuinaki Sentaku,8.41,OVA (2 eps),Dec 2014 - Apr 2015,"497,751 members"
Violet Evergarden Gaiden: Eien to Jidou Shuki Ningyou,8.41,Movie (1 eps),Sep 2019 - Sep 2019,"402,272 members"
Vivy: Fluorite Eye's Song,8.41,TV (13 eps),Apr 2021 - Jun 2021,"512,627 members"
Hunter x Hunter,8.41,TV (62 eps),Oct 1999 - Mar 2001,"574,063 members"
Kaguya-sama wa Kokurasetai: Tensai-tachi no Renai Zunousen,8.41,TV (12 eps),Jan 2019 - Mar 2019,"1,671,168 members"
Josee to Tora to Sakana-tachi,8.40,Movie (1 eps),Dec 2020 - Dec 2020,"398,279 members"
Major S5,8.40,TV (25 eps),Jan 2009 - Jun 2009,"69,634 members"
Mo Dao Zu Shi,8.40,ONA (15 eps),Jul 2018 - Oct 2018,"222,548 members"
Natsume Yuujinchou Roku Specials,8.40,Special (2 eps),Sep 2017 - Oct 2017,"45,324 members"
Sayonara no Asa ni Yakusoku no Hana wo Kazarou,8.40,Movie (1 eps),Feb 2018 - Feb 2018,"413,670 members"
Shiguang Dailiren II,8.40,ONA (12 eps),Jul 2023 - Sep 2023,"81,802 members"
Kamisama Hajimemashita: Kako-hen,8.39,OVA (4 eps),Aug 2015 - Aug 2016,"162,446 members"
Kara no Kyoukai Movie 7: Satsujin Kousatsu (Go),8.39,Movie (1 eps),Aug 2009 - Aug 2009,"202,939 members"
Kaze ga Tsuyoku Fuiteiru,8.39,TV (23 eps),Oct 2018 - Mar 2019,"291,358 members"
Gintama°: Aizome Kaori-hen,8.39,OVA (2 eps),Aug 2016 - Nov 2016,"83,157 members"
Houseki no Kuni,8.39,TV (12 eps),Oct 2017 - Dec 2017,"444,085 members"
Tensei shitara Slime Datta Ken 2nd Season,8.39,TV (12 eps),Jan 2021 - Mar 2021,"901,379 members"
Kimetsu no Yaiba: Mugen Ressha-hen,8.38,TV (7 eps),Oct 2021 - Nov 2021,"679,787 members"
Mushoku Tensei II: Isekai Ittara Honki Dasu,8.38,TV (12 eps),Jul 2023 - Sep 2023,"412,942 members"
3-gatsu no Lion,8.38,TV (22 eps),Oct 2016 - Mar 2017,"662,224 members"
Barakamon,8.38,TV (12 eps),Jul 2014 - Sep 2014,"647,591 members"
Chihayafuru 2,8.38,TV (25 eps),Jan 2013 - Jun 2013,"230,312 members"
Cowboy Bebop: Tengoku no Tobira,8.38,Movie (1 eps),Sep 2001 - Sep 2001,"367,052 members"
Cross Game,8.38,TV (50 eps),Apr 2009 - Mar 2010,"122,182 members"
Made in Abyss Movie 2: Hourou Suru Tasogare,8.37,Movie (1 eps),Jan 2019 - Jan 2019,"129,043 members"
Mahou Shoujo Madoka★Magica Movie 2: Eien no Monogatari,8.37,Movie (1 eps),Oct 2012 - Oct 2012,"198,137 members"
Mo Dao Zu Shi: Xian Yun Pian,8.37,ONA (8 eps),Aug 2019 - Sep 2019,"100,920 members"
Mushoku Tensei: Isekai Ittara Honki Dasu,8.37,TV (11 eps),Jan 2021 - Mar 2021,"1,223,283 members"
Non Non Biyori Nonstop,8.37,TV (12 eps),Jan 2021 - Mar 2021,"119,163 members"
Kaze no Tani no Nausicaä,8.36,Movie (1 eps),Mar 1984 - Mar 1984,"364,064 members"
Kizumonogatari I: Tekketsu-hen,8.36,Movie (1 eps),Jan 2016 - Jan 2016,"515,303 members"
Mahou Shoujo Madoka★Magica,8.36,TV (12 eps),Jan 2011 - Apr 2011,"1,252,935 members"
Suzume no Tojimari,8.36,Movie (1 eps),Nov 2022 - Nov 2022,"273,128 members"
Yahari Ore no Seishun Love Comedy wa Machigatteiru. Kan,8.36,TV (12 eps),Jul 2020 - Sep 2020,"700,833 members"
Baccano!,8.36,TV (13 eps),Jul 2007 - Nov 2007,"889,039 members"
Haikyuu!! To the Top,8.36,TV (13 eps),Jan 2020 - Apr 2020,"897,852 members"
Bakuman. 2nd Season,8.35,TV (25 eps),Oct 2011 - Mar 2012,"347,435 members"
Fumetsu no Anata e,8.35,TV (20 eps),Apr 2021 - Aug 2021,"832,759 members"
Gintama: Shiroyasha Koutan,8.35,Special (1 eps),Sep 2008 - Sep 2008,"68,516 members"
Hellsing Ultimate,8.35,OVA (10 eps),Feb 2006 - Dec 2012,"903,350 members"
K-On! Movie,8.35,Movie (1 eps),Dec 2011 - Dec 2011,"321,784 members"
Neon Genesis Evangelion,8.35,TV (26 eps),Oct 1995 - Mar 1996,"1,754,787 members"
Usagi Drop,8.35,TV (11 eps),Jul 2011 - Sep 2011,"485,435 members"
Boku no Hero Academia 6th Season,8.34,TV (25 eps),Oct 2022 - Mar 2023,"579,870 members"
Psycho-Pass,8.34,TV (22 eps),Oct 2012 - Mar 2013,"1,592,329 members"
Ramayana: The Legend of Prince Rama,8.34,Movie (1 eps),Jan 1993 - Jan 1993,"10,004 members"
Re:Zero kara Hajimeru Isekai Seikatsu 2nd Season,8.34,TV (13 eps),Jul 2020 - Sep 2020,"1,065,153 members"
Kidou Senshi Gundam: The Origin,8.33,OVA (6 eps),Feb 2015 - May 2018,"71,170 members"
Kiseijuu: Sei no Kakuritsu,8.33,TV (24 eps),Oct 2014 - Mar 2015,"1,811,877 members"
Natsume Yuujinchou: Itsuka Yuki no Hi ni,8.33,OVA (1 eps),Feb 2014 - Feb 2014,"78,384 members"
One Outs,8.33,TV (25 eps),Oct 2008 - Apr 2009,"232,263 members"
Romeo no Aoi Sora,8.33,TV (33 eps),Jan 1995 - Dec 1995,"48,713 members"
Tensei shitara Slime Datta Ken 2nd Season Part 2,8.33,TV (12 eps),Jul 2021 - Sep 2021,"707,755 members"
Tian Guan Cifu,8.33,ONA (11 eps),Oct 2020 - Jan 2021,"125,876 members"
Uchuu Senkan Yamato 2199,8.33,OVA (26 eps),May 2012 - Oct 2013,"112,738 members"
Versailles no Bara,8.33,TV (40 eps),Oct 1979 - Sep 1980,"94,247 members"
"Violet Evergarden: Kitto ""Ai"" wo Shiru Hi ga Kuru no Darou",8.33,Special (1 eps),Jul 2018 - Jul 2018,"317,958 members"
Bakemonogatari,8.33,TV (15 eps),Jul 2009 - Jun 2010,"1,370,964 members"
IDOLiSH7 Third Beat! Part 2,8.33,TV (17 eps),Oct 2022 - Feb 2023,"12,508 members"
Initial D First Stage,8.33,TV (26 eps),Apr 1998 - Dec 1998,"363,790 members"
Fate/stay night: Unlimited Blade Works 2nd Season,8.32,TV (13 eps),Apr 2015 - Jun 2015,"832,926 members"
Given,8.32,TV (11 eps),Jul 2019 - Sep 2019,"548,222 members"
Kingdom 2nd Season,8.32,TV (39 eps),Jun 2013 - Mar 2014,"120,282 members"
Major S6,8.32,TV (25 eps),Apr 2010 - Sep 2010,"61,641 members"
Natsume Yuujinchou Go Specials,8.32,Special (2 eps),Mar 2017 - Apr 2017,"44,517 members"
Katanagatari,8.31,TV (12 eps),Jan 2010 - Dec 2010,"551,105 members"
Kemono no Souja Erin,8.31,TV (50 eps),Jan 2009 - Dec 2009,"84,508 members"
Kimetsu no Yaiba: Katanakaji no Sato-hen,8.31,TV (11 eps),Apr 2023 - Jun 2023,"691,524 members"
Natsume Yuujinchou,8.31,TV (13 eps),Jul 2008 - Sep 2008,"527,122 members"
NHK ni Youkoso!,8.31,TV (24 eps),Jul 2006 - Dec 2006,"721,717 members"
Ookami to Koushinryou II,8.31,TV (12 eps),Jul 2009 - Sep 2009,"481,350 members"
Sakamichi no Apollon,8.31,TV (12 eps),Apr 2012 - Jun 2012,"376,800 members"
Ano Hi Mita Hana no Namae wo Bokutachi wa Mada Shiranai.,8.31,TV (11 eps),Apr 2011 - Jun 2011,"1,572,980 members"
Blue Lock,8.31,TV (24 eps),Oct 2022 - Mar 2023,"599,483 members"
Hibike! Euphonium 2,8.31,TV (13 eps),Oct 2016 - Dec 2016,"220,978 members"
Hunter x Hunter: Original Video Animation,8.31,OVA (8 eps),Jan 2002 - Apr 2002,"124,092 members"
Kage no Jitsuryokusha ni Naritakute!,8.31,TV (20 eps),Oct 2022 - Feb 2023,"528,697 members"
Tian Guan Cifu Special,8.31,ONA (1 eps),Feb 2021 - Feb 2021,"41,510 members"
Wu Liuqi: Xuanwu Guo Pian,8.30,ONA (10 eps),Jan 2021 - May 2021,"57,524 members"
Kuroko no Basket 3rd Season,8.30,TV (25 eps),Jan 2015 - Jun 2015,"741,426 members"
Ashita no Joe,8.30,TV (79 eps),Apr 1970 - Sep 1971,"87,919 members"
Boku dake ga Inai Machi,8.30,TV (12 eps),Jan 2016 - Mar 2016,"2,029,600 members"
Detective Conan Movie 06: The Phantom of Baker Street,8.30,Movie (1 eps),Apr 2002 - Apr 2002,"75,932 members"
Diamond no Ace: Second Season,8.30,TV (51 eps),Apr 2015 - Mar 2016,"134,181 members"
Evangelion: 2.0 You Can (Not) Advance,8.30,Movie (1 eps),Jul 2009 - Jul 2009,"527,124 members"
Ginga Eiyuu Densetsu: Die Neue These - Gekitotsu,8.30,Movie (12 eps),Mar 2022 - May 2022,"19,586 members"
86,8.29,TV (11 eps),Apr 2021 - Jun 2021,"718,769 members"
Beck,8.29,TV (26 eps),Oct 2004 - Mar 2005,"332,552 members"
Doukyuusei (Movie),8.29,Movie (1 eps),Feb 2016 - Feb 2016,"261,002 members"
Gintama: Shinyaku Benizakura-hen,8.29,Special (1 eps),Dec 2010 - Dec 2010,"42,855 members"
Spy x Family Part 2,8.29,TV (13 eps),Oct 2022 - Dec 2022,"819,231 members"
Steins;Gate: Oukoubakko no Poriomania,8.29,Special (1 eps),Feb 2012 - Feb 2012,"429,304 members"
Tenki no Ko,8.29,Movie (1 eps),Jul 2019 - Jul 2019,"954,679 members"
Kino no Tabi: The Beautiful World,8.29,TV (13 eps),Apr 2003 - Jul 2003,"305,497 members"
Kobayashi-san Chi no Maid Dragon S,8.29,TV (12 eps),Jul 2021 - Sep 2021,"532,519 members"
Major: World Series,8.29,OVA (2 eps),Dec 2011 - Jan 2012,"35,978 members"
Rurouni Kenshin: Meiji Kenkaku Romantan,8.29,TV (94 eps),Jan 1996 - Sep 1998,"485,455 members"
Redline,8.28,Movie (1 eps),Aug 2009 - Aug 2009,"366,042 members"
Shinsekai yori,8.28,TV (25 eps),Sep 2012 - Mar 2013,"764,337 members"
Shirobako,8.28,TV (24 eps),Oct 2014 - Mar 2015,"436,815 members"
Dr. Stone,8.28,TV (24 eps),Jul 2019 - Dec 2019,"1,669,200 members"
Fate/Zero,8.28,TV (13 eps),Oct 2011 - Dec 2011,"1,467,646 members"
Hotarubi no Mori e,8.28,Movie (1 eps),Sep 2011 - Sep 2011,"803,207 members"
Initial D Final Stage,8.28,TV (4 eps),May 2014 - Jun 2014,"136,120 members"
Yuukoku no Moriarty Part 2,8.28,TV (13 eps),Apr 2021 - Jun 2021,"237,200 members"
Tokyo Godfathers,8.27,Movie (1 eps),Nov 2003 - Nov 2003,"282,424 members"
Tsubasa: Tokyo Revelations,8.27,OVA (3 eps),Nov 2007 - Mar 2008,"94,027 members"
World Trigger 3rd Season,8.27,TV (14 eps),Oct 2021 - Jan 2022,"108,690 members"
Yuru Camp△,8.27,TV (12 eps),Jan 2018 - Mar 2018,"470,075 members"
Koukaku Kidoutai,8.27,Movie (1 eps),Nov 1995 - Nov 1995,"615,827 members"
Nodame Cantabile,8.27,TV (23 eps),Jan 2007 - Jun 2007,"309,284 members"
Gin no Saji 2nd Season,8.27,TV (11 eps),Jan 2014 - Mar 2014,"142,977 members"
Ginga Eiyuu Densetsu: Die Neue These - Sakubou,8.27,Movie (12 eps),Sep 2022 - Nov 2022,"12,517 members"
Gyakkyou Burai Kaiji: Ultimate Survivor,8.27,TV (26 eps),Oct 2007 - Apr 2008,"344,602 members"
Horimiya: Piece,8.27,TV (13 eps),Jul 2023 - Sep 2023,"244,362 members"
Boku no Kokoro no Yabai Yatsu,8.26,TV (12 eps),Apr 2023 - Jun 2023,"205,996 members"
Diamond no Ace: Act II,8.26,TV (52 eps),Apr 2019 - Mar 2020,"86,680 members"
Ginga Eiyuu Densetsu: Die Neue These - Seiran 3,8.26,Movie (4 eps),Nov 2019 - Nov 2019,"24,944 members"
Hajime no Ippo: Champion Road,8.26,Special (1 eps),Apr 2003 - Apr 2003,"132,211 members"
Space☆Dandy 2nd Season,8.26,TV (13 eps),Jul 2014 - Sep 2014,"164,016 members"
Stranger: Mukou Hadan,8.26,Movie (1 eps),Sep 2007 - Sep 2007,"326,209 members"
Tenkuu no Shiro Laputa,8.26,Movie (1 eps),Aug 1986 - Aug 1986,"470,363 members"
Kono Subarashii Sekai ni Shukufuku wo! 2,8.26,TV (10 eps),Jan 2017 - Mar 2017,"1,463,304 members"
Naruto: Shippuuden,8.26,TV (500 eps),Feb 2007 - Mar 2017,"2,397,389 members"
Planetes,8.26,TV (26 eps),Oct 2003 - Apr 2004,"247,416 members"
Sasaki to Miyano Movie: Sotsugyou-hen,8.26,Movie (1 eps),Feb 2023 - Feb 2023,"31,823 members"
Kuroshitsuji Movie: Book of the Atlantic,8.25,Movie (1 eps),Jan 2017 - Jan 2017,"190,116 members"
Non Non Biyori Movie: Vacation,8.25,Movie (1 eps),Aug 2018 - Aug 2018,"75,758 members"
Sennen Joyuu,8.25,Movie (1 eps),Sep 2002 - Sep 2002,"180,245 members"
Bakemono no Ko,8.25,Movie (1 eps),Jul 2015 - Jul 2015,"413,982 members"
Dororo,8.25,TV (24 eps),Jan 2019 - Jun 2019,"1,175,393 members"
Gyakkyou Burai Kaiji: Hakairoku-hen,8.25,TV (26 eps),Apr 2011 - Sep 2011,"188,720 members"
Hunter x Hunter: Greed Island Final,8.25,OVA (14 eps),Mar 2004 - Aug 2004,"141,443 members"
Steins;Gate: Kyoukaimenjou no Missing Link - Divide By Zero,8.25,Special (1 eps),Dec 2015 - Dec 2015,"253,439 members"
Tonari no Totoro,8.25,Movie (1 eps),Apr 1988 - Apr 1988,"1,028,865 members"
Seishun Buta Yarou wa Bunny Girl Senpai no Yume wo Minai,8.24,TV (13 eps),Oct 2018 - Dec 2018,"1,673,372 members"
Detective Conan: Episode One - The Great Detective Turned Small,8.24,Special (1 eps),Dec 2016 - Dec 2016,"30,073 members"
Dungeon ni Deai wo Motomeru no wa Machigatteiru Darou ka IV: Fuka Shou - Yakusai-hen,8.24,TV (11 eps),Jan 2023 - Mar 2023,"183,349 members"
Fate/strange Fake: Whispers of Dawn,8.24,Special (1 eps),Jul 2023 - Jul 2023,"64,841 members"
Golden Kamuy 2nd Season,8.24,TV (12 eps),Oct 2018 - Dec 2018,"195,270 members"
Danshi Koukousei no Nichijou,8.23,TV (12 eps),Jan 2012 - Mar 2012,"803,746 members"
Hajime no Ippo: Mashiba vs. Kimura,8.23,OVA (1 eps),Sep 2003 - Sep 2003,"105,895 members"
Youjo Senki Movie,8.23,Movie (1 eps),Feb 2019 - Feb 2019,"268,179 members"
Kidou Senshi Gundam: Tekketsu no Orphans 2nd Season,8.23,TV (25 eps),Oct 2016 - Apr 2017,"138,949 members"
Nodame Cantabile Finale,8.23,TV (11 eps),Jan 2010 - Mar 2010,"126,180 members"
Re:Zero kara Hajimeru Isekai Seikatsu,8.23,TV (25 eps),Apr 2016 - Sep 2016,"2,127,768 members"
Sasaki to Miyano,8.23,TV (12 eps),Jan 2022 - Mar 2022,"178,791 members"
Kono Sekai no Katasumi ni,8.22,Movie (1 eps),Nov 2016 - Nov 2016,"182,729 members"
Kuroko no Basket 2nd Season,8.22,TV (25 eps),Oct 2013 - Mar 2014,"833,504 members"
Majo no Takkyuubin,8.22,Movie (1 eps),Jul 1989 - Jul 1989,"561,721 members"
Major S3,8.22,TV (26 eps),Jan 2007 - Jun 2007,"68,004 members"
Mimi wo Sumaseba,8.22,Movie (1 eps),Jul 1995 - Jul 1995,"347,730 members"
One Piece Movie 14: Stampede,8.22,Movie (1 eps),Aug 2019 - Aug 2019,"178,936 members"
Ookami to Koushinryou,8.22,TV (13 eps),Jan 2008 - Mar 2008,"796,878 members"
Sono Bisque Doll wa Koi wo Suru,8.22,TV (12 eps),Jan 2022 - Mar 2022,"981,492 members"
Bungou Stray Dogs 3rd Season,8.22,TV (12 eps),Apr 2019 - Jun 2019,"602,968 members"
Fruits Basket 1st Season,8.22,TV (25 eps),Apr 2019 - Sep 2019,"795,151 members"
Great Pretender,8.22,TV (23 eps),Jul 2020 - Dec 2020,"631,655 members"
Holo no Graffiti,8.22,ONA (? eps),May 2019 -,"53,189 members"
IDOLiSH7 Third Beat!,8.22,TV (13 eps),Jul 2021 - Sep 2021,"21,123 members"
Tanoshii Muumin Ikka,8.22,TV (78 eps),Apr 1990 - Oct 1991,"26,314 members"
Tengoku Daimakyou,8.22,TV (13 eps),Apr 2023 - Jun 2023,"381,272 members"
Trigun,8.22,TV (26 eps),Apr 1998 - Sep 1998,"740,185 members"
xxxHOLiC◆Kei,8.21,TV (13 eps),Apr 2008 - Jun 2008,"140,499 members"
Yahari Ore no Seishun Love Comedy wa Machigatteiru. Zoku,8.21,TV (13 eps),Apr 2015 - Jun 2015,"1,033,482 members"
Kamisama Hajimemashita◎,8.21,TV (12 eps),Jan 2015 - Mar 2015,"393,930 members"
Kotarou wa Hitorigurashi,8.21,ONA (10 eps),Mar 2022 - Mar 2022,"139,597 members"
Magi: The Kingdom of Magic,8.21,TV (25 eps),Oct 2013 - Mar 2014,"824,319 members"
Mahou Shoujo Madoka★Magica Movie 1: Hajimari no Monogatari,8.21,Movie (1 eps),Oct 2012 - Oct 2012,"195,144 members"
Major S1,8.21,TV (26 eps),Nov 2004 - May 2005,"99,396 members"
Shoujo Shuumatsu Ryokou,8.21,TV (12 eps),Oct 2017 - Dec 2017,"329,180 members"
SKET Dance,8.21,TV (77 eps),Apr 2011 - Sep 2012,"221,654 members"
Ao Ashi,8.21,TV (24 eps),Apr 2022 - Sep 2022,"193,198 members"
Cardcaptor Sakura Movie 2: Fuuin Sareta Card,8.21,Movie (1 eps),Jul 2000 - Jul 2000,"113,354 members"
Detective Conan Movie 13: The Raven Chaser,8.21,Movie (1 eps),Apr 2009 - Apr 2009,"58,164 members"
Dr. Stone: Ryuusui,8.21,Special (1 eps),Jul 2022 - Jul 2022,"252,463 members"
Kaguya-hime no Monogatari,8.21,Movie (1 eps),Nov 2013 - Nov 2013,"221,972 members"
BanG Dream! It's MyGO!!!!!,8.20,TV (13 eps),Jun 2023 - Sep 2023,"11,660 members"
Berserk: Ougon Jidai-hen III - Kourin,8.20,Movie (1 eps),Feb 2013 - Feb 2013,"218,349 members"
Detective Conan Movie 26: Kurogane no Submarine,8.20,Movie (1 eps),Apr 2023 - Apr 2023,"7,890 members"
Hachimitsu to Clover II,8.20,TV (12 eps),Jun 2006 - Sep 2006,"105,227 members"
Haikyuu!! Movie 4: Concept no Tatakai,8.20,Movie (1 eps),Sep 2017 - Sep 2017,"80,663 members"
Horimiya,8.20,TV (13 eps),Jan 2021 - Apr 2021,"1,299,308 members"
InuYasha: Kanketsu-hen,8.20,TV (26 eps),Oct 2009 - Mar 2010,"276,438 members"
Vanitas no Karte Part 2,8.20,TV (12 eps),Jan 2022 - Apr 2022,"260,032 members"
ReLIFE: Kanketsu-hen,8.20,Special (4 eps),Mar 2018 - Mar 2018,"379,647 members"
Saiki Kusuo no Ψ-nan: Kanketsu-hen,8.20,Special (1 eps),Dec 2018 - Dec 2018,"211,272 members"
Shoujo Kakumei Utena,8.20,TV (39 eps),Apr 1997 - Dec 1997,"212,048 members"
Liz to Aoi Tori,8.19,Movie (1 eps),Apr 2018 - Apr 2018,"132,681 members"
Lycoris Recoil,8.19,TV (13 eps),Jul 2022 - Sep 2022,"448,639 members"
Maison Ikkoku,8.19,TV (96 eps),Mar 1986 - Mar 1988,"70,444 members"
Major S2,8.19,TV (26 eps),Dec 2005 - Jun 2006,"70,551 members"
Major S4,8.19,TV (26 eps),Jan 2008 - Jun 2008,"64,260 members"
No Game No Life: Zero,8.19,Movie (1 eps),Jul 2017 - Jul 2017,"845,726 members"
Nomad: Megalo Box 2,8.19,TV (13 eps),Apr 2021 - Jun 2021,"194,352 members"
One Piece: Episode of Merry - Mou Hitori no Nakama no Monogatari,8.19,Special (1 eps),Aug 2013 - Aug 2013,"60,229 members"
Senki Zesshou Symphogear XV,8.19,TV (13 eps),Jul 2019 - Sep 2019,"37,940 members"
Asobi Asobase,8.19,TV (12 eps),Jul 2018 - Sep 2018,"461,041 members"
Bungou Stray Dogs 2nd Season,8.19,TV (12 eps),Oct 2016 - Dec 2016,"823,508 members"
xxxHOLiC Rou,8.19,OVA (2 eps),Apr 2010 - Mar 2011,"68,083 members"
Stand By Me Doraemon 2,8.18,Movie (1 eps),Nov 2020 - Nov 2020,"22,152 members"
Yojouhan Time Machine Blues,8.18,ONA (6 eps),Sep 2022 - Oct 2022,"37,462 members"
Yoru wa Mijikashi Arukeyo Otome,8.18,Movie (1 eps),Apr 2017 - Apr 2017,"121,582 members"
Little Busters! Refrain,8.18,TV (13 eps),Oct 2013 - Dec 2013,"163,628 members"
Non Non Biyori Repeat,8.18,TV (12 eps),Jul 2015 - Sep 2015,"196,079 members"
Bakuman.,8.18,TV (25 eps),Oct 2010 - Apr 2011,"609,426 members"
Ballroom e Youkoso,8.18,TV (24 eps),Jul 2017 - Dec 2017,"324,936 members"
Chihayafuru,8.18,TV (25 eps),Oct 2011 - Mar 2012,"450,410 members"
Fate/stay night: Unlimited Blade Works,8.18,TV (12 eps),Oct 2014 - Dec 2014,"1,041,461 members"
Girls & Panzer Movie,8.18,Movie (1 eps),Nov 2015 - Nov 2015,"103,188 members"
Higurashi no Naku Koro ni Kai,8.18,TV (24 eps),Jul 2007 - Dec 2007,"470,972 members"
Hunter x Hunter: Greed Island,8.18,OVA (8 eps),Feb 2003 - Apr 2003,"152,445 members"
Aria the Natural,8.17,TV (26 eps),Apr 2006 - Sep 2006,"77,448 members"
Black Lagoon: The Second Barrage,8.17,TV (12 eps),Oct 2006 - Dec 2006,"505,636 members"
Detective Conan,8.17,TV (? eps),Jan 1996 -,"339,723 members"
Detective Conan Movie 20: The Darkest Nightmare,8.17,Movie (1 eps),Apr 2016 - Apr 2016,"40,206 members"
Digimon Adventure: Last Evolution Kizuna,8.17,Movie (1 eps),Feb 2020 - Feb 2020,"41,750 members"
Doraemon Movie 31: Shin Nobita to Tetsujin Heidan - Habatake Tenshi-tachi,8.17,Movie (1 eps),Mar 2011 - Mar 2011,"14,383 members"
Dr. Stone: Stone Wars,8.17,TV (11 eps),Jan 2021 - Mar 2021,"990,199 members"
Dragon Ball Z,8.17,TV (291 eps),Apr 1989 - Jan 1996,"1,193,662 members"
Fate/stay night Movie: Heaven's Feel - I. Presage Flower,8.17,Movie (1 eps),Oct 2017 - Oct 2017,"440,521 members"
Girls & Panzer: Saishuushou Part 3,8.17,Movie (1 eps),Mar 2021 - Mar 2021,"24,756 members"
K-On!!,8.17,TV (26 eps),Apr 2010 - Sep 2010,"678,351 members"
Toaru Kagaku no Railgun T,8.17,TV (25 eps),Jan 2020 - Sep 2020,"223,812 members"
Violet Evergarden: Recollections,8.17,Special (1 eps),Oct 2021 - Oct 2021,"25,476 members"
Yuukoku no Moriarty,8.17,TV (11 eps),Oct 2020 - Dec 2020,"404,630 members"
Tengen Toppa Gurren Lagann Movie 1: Gurren-hen,8.16,Movie (1 eps),Sep 2008 - Sep 2008,"160,499 members"
Akira,8.16,Movie (1 eps),Jul 1988 - Jul 1988,"822,196 members"
Cardcaptor Sakura,8.16,TV (70 eps),Apr 1998 - Mar 2000,"426,492 members"
Dr. Stone: New World,8.16,TV (11 eps),Apr 2023 - Jun 2023,"396,825 members"
Dragon Ball Super: Broly,8.16,Movie (1 eps),Dec 2018 - Dec 2018,"383,736 members"
Initial D Fourth Stage,8.16,TV (24 eps),Apr 2004 - Feb 2006,"178,391 members"
Initial D Second Stage,8.16,TV (13 eps),Oct 1999 - Jan 2000,"208,459 members"
JoJo no Kimyou na Bouken Part 6: Stone Ocean,8.16,ONA (12 eps),Dec 2021 - Dec 2021,"469,750 members"
"Kamisama Hajimemashita: Kamisama, Shiawase ni Naru",8.16,OVA (1 eps),Dec 2016 - Dec 2016,"62,932 members"
Made in Abyss Movie 1: Tabidachi no Yoake,8.16,Movie (1 eps),Jan 2019 - Jan 2019,"122,507 members"
Ouran Koukou Host Club,8.16,TV (26 eps),Apr 2006 - Sep 2006,"1,096,455 members"
Paripi Koumei,8.16,TV (12 eps),Apr 2022 - Jun 2022,"274,889 members"
Kyoukai no Kanata Movie 2: I'll Be Here - Mirai-hen,8.15,Movie (1 eps),Apr 2015 - Apr 2015,"255,393 members"
Lupin III: Cagliostro no Shiro,8.15,Movie (1 eps),Dec 1979 - Dec 1979,"113,064 members"
Major: Message,8.15,OVA (1 eps),Dec 2010 - Dec 2010,"30,065 members"
Natsume Yuujinchou: Ishi Okoshi to Ayashiki Raihousha,8.15,Movie (1 eps),Jan 2021 - Jan 2021,"33,753 members"
Noragami Aragoto,8.15,TV (13 eps),Oct 2015 - Dec 2015,"1,421,278 members"
Shokugeki no Souma,8.15,TV (24 eps),Apr 2015 - Sep 2015,"1,605,644 members"
Wu Liuqi: Zui Qiang Fa Xing Shi,8.15,ONA (10 eps),Oct 2019 - Jan 2020,"69,659 members"
Black Clover,8.15,TV (170 eps),Oct 2017 - Mar 2021,"1,593,835 members"
Buddy Daddies,8.15,TV (12 eps),Jan 2023 - Apr 2023,"232,402 members"
Death Parade,8.15,TV (12 eps),Jan 2015 - Mar 2015,"1,718,106 members"
Ginga Eiyuu Densetsu: Die Neue These - Seiran 2,8.15,Movie (4 eps),Oct 2019 - Oct 2019,"24,193 members"
Given: Uragawa no Sonzai,8.15,OVA (1 eps),Dec 2021 - Dec 2021,"82,057 members"
Haikyuu!! Movie 3: Sainou to Sense,8.15,Movie (1 eps),Sep 2017 - Sep 2017,"83,702 members"
IDOLiSH7 Second Beat!,8.15,TV (15 eps),Apr 2020 - Dec 2020,"29,938 members"
Jigokuraku,8.15,TV (13 eps),Apr 2023 - Jul 2023,"574,416 members"
Kaguya-sama wa Kokurasetai: Ultra Romantic Teaser PV - Ishigami Yuu wa Kataritai,8.15,ONA (1 eps),Oct 2021 - Oct 2021,"54,533 members"
Eiga Daisuki Pompo-san,8.14,Movie (1 eps),Jun 2021 - Jun 2021,"35,358 members"
Given Movie,8.14,Movie (1 eps),Aug 2020 - Aug 2020,"225,667 members"
Hinamatsuri (TV),8.14,TV (12 eps),Apr 2018 - Jun 2018,"496,065 members"
Kaiba,8.14,TV (12 eps),Apr 2008 - Jul 2008,"147,966 members"
Nisemonogatari,8.14,TV (11 eps),Jan 2012 - Mar 2012,"718,371 members"
Nodame Cantabile: Paris-hen,8.14,TV (11 eps),Oct 2008 - Dec 2008,"122,814 members"
Non Non Biyori Nonstop: Bukatsu wo Ganbatta,8.14,OVA (1 eps),Mar 2022 - Mar 2022,"18,782 members"
Princess Tutu,8.14,TV (38 eps),Aug 2002 - May 2003,"164,835 members"
Skip to Loafer,8.14,TV (12 eps),Apr 2023 - Jun 2023,"213,274 members"
Tensei shitara Slime Datta Ken,8.14,TV (24 eps),Oct 2018 - Mar 2019,"1,372,566 members"
Working!!! Lord of the Takanashi,8.14,Special (1 eps),Mar 2016 - Mar 2016,"101,098 members"
Youkoso Jitsuryoku Shijou Shugi no Kyoushitsu e 2nd Season,8.13,TV (13 eps),Jul 2022 - Sep 2022,"554,136 members"
Eizouken ni wa Te wo Dasu na!,8.13,TV (12 eps),Jan 2020 - Mar 2020,"324,888 members"
Gankutsuou,8.13,TV (24 eps),Oct 2004 - Mar 2005,"244,233 members"
Gintama': Futon ni Haitte kara Buki Nokoshi ni Kizuite Neru ni Nerenai Toki mo Aru,8.13,Special (1 eps),Apr 2015 - Apr 2015,"40,254 members"
Golden Kamuy 4th Season,8.13,TV (13 eps),Oct 2022 - Jun 2023,"86,348 members"
Interstella5555: The 5tory of The 5ecret 5tar 5ystem,8.13,Movie (1 eps),Dec 2003 - Dec 2003,"72,065 members"
Katekyou Hitman Reborn!,8.13,TV (203 eps),Oct 2006 - Sep 2010,"548,608 members"
Kidou Senshi Gundam: The Origin - Zenya Akai Suisei,8.13,TV (13 eps),Apr 2019 - Aug 2019,"21,260 members"
Lupin III: Part 5,8.13,TV (24 eps),Apr 2018 - Sep 2018,"42,870 members"
One Piece Film: Z,8.13,Movie (1 eps),Dec 2012 - Dec 2012,"272,411 members"
Quanzhi Gaoshou Specials,8.13,ONA (3 eps),Apr 2018 - May 2018,"103,626 members"
Seirei no Moribito,8.13,TV (26 eps),Apr 2007 - Sep 2007,"214,338 members"
Mahou Shoujo Lyrical Nanoha: The Movie 2nd A's,8.12,Movie (1 eps),Jul 2012 - Jul 2012,"23,504 members"
One Piece: Episode of Nami - Koukaishi no Namida to Nakama no Kizuna,8.12,Special (1 eps),Aug 2012 - Aug 2012,"68,116 members"
Tamayura: Sotsugyou Shashin Part 4 - Ashita,8.12,Movie (1 eps),Apr 2016 - Apr 2016,"10,936 members"
Detective Conan Movie 05: Countdown to Heaven,8.12,Movie (1 eps),Apr 2001 - Apr 2001,"62,000 members"
Ginga Eiyuu Densetsu Gaiden,8.12,OVA (24 eps),Feb 1998 - Sep 1998,"23,543 members"
Chuunibyou demo Koi ga Shitai! Movie: Take On Me,8.11,Movie (1 eps),Jan 2018 - Jan 2018,"261,842 members"
Detective Conan Movie 14: The Lost Ship in the Sky,8.11,Movie (1 eps),Apr 2010 - Apr 2010,"55,390 members"
Diamond no Ace,8.11,TV (75 eps),Oct 2013 - Mar 2015,"239,037 members"
Durarara!!,8.11,TV (24 eps),Jan 2010 - Jun 2010,"1,377,500 members"
Fullmetal Alchemist,8.11,TV (51 eps),Oct 2003 - Oct 2004,"1,441,932 members"
Kaze Tachinu,8.11,Movie (1 eps),Jul 2013 - Jul 2013,"321,611 members"
Kidou Senshi Gundam 00,8.11,TV (25 eps),Oct 2007 - Mar 2008,"216,241 members"
Kono Subarashii Sekai ni Shukufuku wo!,8.11,TV (10 eps),Jan 2016 - Mar 2016,"1,895,516 members"
Koukaku Kidoutai: Stand Alone Complex - Solid State Society,8.11,Special (1 eps),Sep 2006 - Sep 2006,"98,599 members"
Kuragehime,8.11,TV (11 eps),Oct 2010 - Dec 2010,"231,069 members"
Mirai Shounen Conan,8.11,TV (26 eps),Apr 1978 - Oct 1978,"48,738 members"
Saiki Kusuo no Ψ-nan: Ψ-shidou-hen,8.11,ONA (6 eps),Dec 2019 - Dec 2019,"214,336 members"
Toki wo Kakeru Shoujo,8.11,Movie (1 eps),Jul 2006 - Jul 2006,"776,214 members"
Zom 100: Zombie ni Naru made ni Shitai 100 no Koto,8.11,TV (12 eps),Jul 2023 -,"371,375 members"
Tsurune: Tsunagari no Issha,8.10,TV (13 eps),Jan 2023 - Mar 2023,"48,701 members"
Akatsuki no Yona OVA,8.10,OVA (3 eps),Sep 2015 - Dec 2016,"131,577 members"
Boku no Hero Academia 2nd Season,8.10,TV (25 eps),Apr 2017 - Sep 2017,"2,449,049 members"
Detroit Metal City,8.10,OVA (12 eps),Aug 2008 - Oct 2008,"208,158 members"
Gintama°: Umai-mono wa Atomawashi ni Suru to Yokodorisareru kara Yappari Saki ni Kue,8.10,Special (1 eps),Nov 2015 - Nov 2015,"33,682 members"
Honzuki no Gekokujou: Shisho ni Naru Tame ni wa Shudan wo Erandeiraremasen 2nd Season,8.10,TV (12 eps),Apr 2020 - Jun 2020,"199,763 members"
JoJo no Kimyou na Bouken Part 3: Stardust Crusaders,8.10,TV (24 eps),Apr 2014 - Sep 2014,"1,173,334 members"
JoJo no Kimyou na Bouken Part 6: Stone Ocean Part 2,8.10,ONA (12 eps),Sep 2022 - Sep 2022,"226,677 members"
Kamisama Hajimemashita,8.10,TV (13 eps),Oct 2012 - Dec 2012,"634,935 members"
Kidou Senshi Gundam Unicorn,8.10,OVA (7 eps),Mar 2010 - Jun 2014,"96,762 members"
Kuroko no Basket: Saikou no Present desu,8.10,Special (1 eps),Dec 2015 - Dec 2015,"103,930 members"
Mahoutsukai no Yome: Hoshi Matsu Hito,8.10,OVA (3 eps),Sep 2016 - Sep 2017,"276,418 members"
Overlord IV,8.09,TV (13 eps),Jul 2022 - Sep 2022,"482,918 members"
Saint Seiya: The Lost Canvas - Meiou Shinwa 2,8.09,OVA (13 eps),Feb 2011 - Jul 2011,"73,938 members"
Serial Experiments Lain,8.09,TV (13 eps),Jul 1998 - Sep 1998,"740,984 members"
Shokugeki no Souma: Ni no Sara,8.09,TV (13 eps),Jul 2016 - Sep 2016,"1,110,534 members"
Stand By Me Doraemon,8.09,Movie (1 eps),Aug 2014 - Aug 2014,"52,419 members"
Tsubasa: Shunraiki,8.09,OVA (2 eps),Mar 2009 - May 2009,"61,382 members"
Tsukimonogatari,8.09,TV (4 eps),Dec 2014 - Dec 2014,"409,525 members"
Uchouten Kazoku 2,8.09,TV (12 eps),Apr 2017 - Jun 2017,"63,188 members"
Zankyou no Terror,8.09,TV (11 eps),Jul 2014 - Sep 2014,"1,136,817 members"
Ansatsu Kyoushitsu,8.09,TV (22 eps),Jan 2015 - Jun 2015,"1,950,984 members"
Baccano! Specials,8.09,Special (3 eps),Feb 2008 - May 2008,"176,843 members"
Douluo Dalu 2nd Season,8.09,ONA (237 eps),Dec 2018 - Jun 2023,"19,233 members"
Gin no Saji,8.09,TV (11 eps),Jul 2013 - Sep 2013,"287,659 members"
Hajime no Ippo: Boxer no Kobushi,8.09,Special (1 eps),Mar 2003 - Mar 2003,"53,293 members"
Initial D Fifth Stage,8.09,TV (14 eps),Nov 2012 - May 2013,"142,026 members"
Black Clover: Mahou Tei no Ken,8.08,Movie (1 eps),Jun 2023 - Jun 2023,"194,470 members"
Fumetsu no Anata e Season 2,8.08,TV (20 eps),Oct 2022 - Mar 2023,"255,912 members"
Ginga Eiyuu Densetsu: Arata naru Tatakai no Overture,8.08,Movie (1 eps),Dec 1993 - Dec 1993,"33,722 members"
Gintama: Nanigoto mo Saisho ga Kanjin nanode Tashou Senobisuru Kurai ga Choudoyoi,8.08,Special (1 eps),Sep 2005 - Sep 2005,"55,466 members"
Hidamari Sketch: Sae Hiro Sotsugyou-hen,8.08,OVA (2 eps),Nov 2013 - Nov 2013,"13,655 members"
Hikaru no Go,8.08,TV (75 eps),Oct 2001 - Mar 2003,"135,401 members"
Kanata no Astra,8.08,TV (12 eps),Jul 2019 - Sep 2019,"293,359 members"
Kidou Senshi Gundam 00 Second Season,8.08,TV (25 eps),Oct 2008 - Mar 2009,"148,628 members"
Kimi wa Houkago Insomnia,8.08,TV (13 eps),Apr 2023 - Jul 2023,"177,107 members"
Kuroko no Basket Movie 4: Last Game,8.08,Movie (1 eps),Mar 2017 - Mar 2017,"294,330 members"
One Piece Film: Strong World,8.08,Movie (1 eps),Dec 2009 - Dec 2009,"245,559 members"
Sakura-sou no Pet na Kanojo,8.08,TV (24 eps),Oct 2012 - Mar 2013,"1,220,860 members"
Skip Beat!,8.08,TV (25 eps),Oct 2008 - Mar 2009,"264,370 members"
Toradora!,8.08,TV (25 eps),Oct 2008 - Mar 2009,"2,150,658 members"
Yuusha-Ou GaoGaiGar Final,8.08,OVA (8 eps),Jan 2000 - Mar 2003,"9,994 members"
Wu Shan Wu Xing: Xichuan Huan Zi Lin,8.07,ONA (4 eps),Jul 2023 - Aug 2023,"8,366 members"
5-toubun no Hanayome ∬,8.07,TV (12 eps),Jan 2021 - Mar 2021,"683,210 members"
Gintama: Dai Hanseikai,8.07,Special (1 eps),Mar 2010 - Mar 2010,"37,469 members"
Honzuki no Gekokujou: Shisho ni Naru Tame ni wa Shudan wo Erandeiraremasen 3rd Season,8.07,TV (10 eps),Apr 2022 - Jun 2022,"142,892 members"
Hyouka,8.07,TV (22 eps),Apr 2012 - Sep 2012,"1,336,608 members"
Koukaku Kidoutai: Stand Alone Complex - The Laughing Man,8.07,Special (1 eps),Sep 2005 - Sep 2005,"39,973 members"
Kuroshitsuji: Book of Circus,8.07,TV (10 eps),Jul 2014 - Sep 2014,"393,776 members"
No Game No Life,8.07,TV (12 eps),Apr 2014 - Jun 2014,"2,337,527 members"
Kodomo no Omocha (TV),8.06,TV (102 eps),Apr 1996 - Mar 1998,"66,692 members"
"Komi-san wa, Comyushou desu. 2nd Season",8.06,TV (12 eps),Apr 2022 - Jun 2022,"450,183 members"
Kuroko no Basket,8.06,TV (25 eps),Apr 2012 - Sep 2012,"1,173,295 members"
Kuroshitsuji: Book of Murder,8.06,OVA (2 eps),Jan 2015 - Feb 2015,"240,107 members"
Mahoutsukai no Yome,8.06,TV (24 eps),Oct 2017 - Mar 2018,"896,001 members"
Tonikaku Kawaii: SNS,8.06,OVA (1 eps),Aug 2021 - Aug 2021,"146,497 members"
Tsuki ga Kirei,8.06,TV (12 eps),Apr 2017 - Jun 2017,"528,422 members"
Uma Musume: Pretty Derby Season 2,8.06,TV (13 eps),Jan 2021 - Mar 2021,"47,370 members"
World Trigger 2nd Season,8.06,TV (12 eps),Jan 2021 - Apr 2021,"143,078 members"
Yowamushi Pedal: Grande Road,8.06,TV (24 eps),Oct 2014 - Mar 2015,"136,932 members"
Angel Beats!,8.06,TV (13 eps),Apr 2010 - Jun 2010,"2,032,665 members"
City Hunter 2,8.06,TV (63 eps),Apr 1988 - Jul 1989,"26,034 members"
Darker than Black: Kuro no Keiyakusha,8.06,TV (25 eps),Apr 2007 - Sep 2007,"928,476 members"
Detective Conan Movie 08: Magician of the Silver Sky,8.06,Movie (1 eps),Apr 2004 - Apr 2004,"55,227 members"
Detective Conan Movie 18: The Sniper from Another Dimension,8.06,Movie (1 eps),Apr 2014 - Apr 2014,"42,024 members"
Durarara!!x2 Ketsu,8.06,TV (12 eps),Jan 2016 - Mar 2016,"371,496 members"
Ginga Eiyuu Densetsu Gaiden (1999),8.06,OVA (28 eps),Dec 1999 - Jul 2000,"19,800 members"
Girls & Panzer: Saishuushou Part 2,8.06,Movie (1 eps),Jun 2019 - Jun 2019,"34,462 members"
Detective Conan Movie 25: Halloween no Hanayome,8.05,Movie (1 eps),Apr 2022 - Apr 2022,"13,394 members"
Dorohedoro,8.05,TV (12 eps),Jan 2020 - Mar 2020,"521,342 members"
Glass no Kamen (2005),8.05,TV (51 eps),Apr 2005 - Mar 2006,"38,758 members"
Gosick,8.05,TV (24 eps),Jan 2011 - Jul 2011,"536,383 members"
Haikyuu!! Movie 2: Shousha to Haisha,8.05,Movie (1 eps),Sep 2015 - Sep 2015,"89,346 members"
Karakai Jouzu no Takagi-san 2,8.05,TV (12 eps),Jul 2019 - Sep 2019,"322,247 members"
Kidou Senshi Gundam: Tekketsu no Orphans,8.05,TV (25 eps),Oct 2015 - Mar 2016,"235,082 members"
Koukyoushihen Eureka Seven,8.05,TV (50 eps),Apr 2005 - Apr 2006,"429,961 members"
Kyou kara Ore wa!!,8.05,OVA (10 eps),Apr 1993 - Dec 1997,"33,067 members"
Mairimashita! Iruma-kun 2nd Season,8.05,TV (21 eps),Apr 2021 - Sep 2021,"301,138 members"
Omoide no Marnie,8.05,Movie (1 eps),Jul 2014 - Jul 2014,"287,785 members"
Saint Seiya: Meiou Hades Juuni Kyuu-hen,8.05,OVA (13 eps),Nov 2002 - Jul 2003,"55,928 members"
Shijou Saikyou no Deshi Kenichi,8.05,TV (50 eps),Oct 2006 - Sep 2007,"296,711 members"
Kamisama Hajimemashita OVA,8.04,OVA (2 eps),Aug 2013 - Aug 2013,"127,322 members"
Kill la Kill,8.04,TV (24 eps),Oct 2013 - Mar 2014,"1,681,281 members"
Paprika,8.04,Movie (1 eps),Nov 2006 - Nov 2006,"522,956 members"
Romantic Killer,8.04,ONA (12 eps),Oct 2022 - Oct 2022,"176,794 members"
BanG Dream! 3rd Season,8.04,TV (13 eps),Jan 2020 - Apr 2020,"35,240 members"
BanG Dream! Movie: Episode of Roselia - II: Song I Am.,8.04,Movie (1 eps),Jun 2021 - Jun 2021,"8,101 members"
Dennou Coil,8.04,TV (26 eps),May 2007 - Dec 2007,"144,729 members"
Doupo Cangqiong: Nian Fan,8.04,ONA (104 eps),Jul 2022 -,"5,626 members"
Fate/stay night: Unlimited Blade Works Prologue,8.04,Special (1 eps),Oct 2014 - Oct 2014,"313,770 members"
Ginga Eiyuu Densetsu: Die Neue These - Seiran 1,8.04,Movie (4 eps),Sep 2019 - Sep 2019,"28,112 members"
Golden Boy,8.04,OVA (6 eps),Oct 1995 - Jun 1996,"384,017 members"
Hanma Baki: Son of Ogre 2nd Season,8.04,ONA (27 eps),Jul 2023 - Aug 2023,"61,305 members"
xxxHOLiC Shunmuki,8.04,OVA (2 eps),Feb 2009 - Jun 2009,"69,235 members"
Yahari Ore no Seishun Love Comedy wa Machigatteiru. Zoku OVA,8.03,OVA (1 eps),Oct 2016 - Oct 2016,"242,318 members"
Lovely★Complex,8.03,TV (24 eps),Apr 2007 - Sep 2007,"573,452 members"
Persona 3 the Movie 4: Winter of Rebirth,8.03,Movie (1 eps),Jan 2016 - Jan 2016,"71,162 members"
Akatsuki no Yona,8.03,TV (24 eps),Oct 2014 - Mar 2015,"829,753 members"
Black Lagoon,8.03,TV (12 eps),Apr 2006 - Jun 2006,"977,737 members"
Boku no Hero Academia 3rd Season,8.03,TV (25 eps),Apr 2018 - Sep 2018,"2,120,893 members"
Detective Conan Movie 03: The Last Wizard of the Century,8.03,Movie (1 eps),Apr 1999 - Apr 1999,"64,424 members"
Detective Conan Movie 04: Captured in Her Eyes,8.03,Movie (1 eps),Apr 2000 - Apr 2000,"60,801 members"
Detective Conan Movie 10: Requiem of the Detectives,8.03,Movie (1 eps),Apr 2006 - Apr 2006,"54,745 members"
FLCL,8.03,OVA (6 eps),Apr 2000 - Mar 2001,"800,240 members"
Full Metal Panic? Fumoffu,8.03,TV (12 eps),Aug 2003 - Nov 2003,"291,843 members"
Hanada Shounen-shi,8.03,TV (25 eps),Oct 2002 - Mar 2003,"15,366 members"
Black Lagoon: Roberta's Blood Trail,8.02,OVA (5 eps),Jun 2010 - Jun 2011,"290,893 members"
D.Gray-man,8.02,TV (103 eps),Oct 2006 - Sep 2008,"680,355 members"
Doupo Cangqiong: San Nian Zhi Yue,8.02,ONA (13 eps),Oct 2021 - Jan 2022,"6,565 members"
Ginga Nagareboshi Gin,8.02,TV (21 eps),Apr 1986 - Aug 1986,"26,463 members"
Juuni Kokuki,8.02,TV (45 eps),Apr 2002 - Aug 2003,"147,133 members"
Summer Wars,8.02,Movie (1 eps),Aug 2009 - Aug 2009,"511,839 members"
Toaru Kagaku no Railgun S,8.02,TV (24 eps),Apr 2013 - Sep 2013,"380,502 members"
Kara no Kyoukai Movie 3: Tsuukaku Zanryuu,8.02,Movie (1 eps),Feb 2008 - Feb 2008,"224,348 members"
Kono Subarashii Sekai ni Shukufuku wo! 2: Kono Subarashii Geijutsu ni Shukufuku wo!,8.02,OVA (1 eps),Jul 2017 - Jul 2017,"358,225 members"
Omae Umasou da na,8.02,Movie (1 eps),Oct 2010 - Oct 2010,"19,515 members"
Saiunkoku Monogatari 2nd Season,8.02,TV (39 eps),Apr 2007 - Mar 2008,"40,428 members"
SK∞,8.02,TV (12 eps),Jan 2021 - Apr 2021,"534,731 members"
Slayers Next,8.02,TV (26 eps),Apr 1996 - Sep 1996,"69,237 members"
Kidou Senshi Gundam: Dai 08 MS Shoutai,8.01,OVA (12 eps),Jan 1996 - Jul 1999,"81,344 members"
Magi: The Labyrinth of Magic,8.01,TV (25 eps),Oct 2012 - Mar 2013,"1,020,571 members"
Pui Pui Molcar,8.01,TV (12 eps),Jan 2021 - Mar 2021,"15,729 members"
Shadows House 2nd Season,8.01,TV (12 eps),Jul 2022 - Sep 2022,"111,534 members"
Baby Steps 2nd Season,8.01,TV (25 eps),Apr 2015 - Sep 2015,"89,561 members"
Eve no Jikan,8.01,ONA (6 eps),Aug 2008 - Sep 2009,"181,865 members"
Haikyuu!! Movie 1: Owari to Hajimari,8.01,Movie (1 eps),Jul 2015 - Jul 2015,"97,290 members"
Kaichou wa Maid-sama!,8.01,TV (26 eps),Apr 2010 - Sep 2010,"1,218,906 members"
Tokyo Magnitude 8.0,8.01,TV (11 eps),Jul 2009 - Sep 2009,"292,555 members"
Tsumiki no Ie,8.01,Movie (1 eps),Jun 2008 - Jun 2008,"94,962 members"
Yahari Ore no Seishun Love Comedy wa Machigatteiru.,8.01,TV (13 eps),Apr 2013 - Jun 2013,"1,394,596 members"
Zombieland Saga Revenge,8.01,TV (12 eps),Apr 2021 - Jun 2021,"207,518 members"
Touch,8.00,TV (101 eps),Mar 1985 - Mar 1987,"34,968 members"
Kami nomi zo Shiru Sekai: Megami-hen,8.00,TV (12 eps),Jul 2013 - Sep 2013,"339,487 members"
Kara no Kyoukai Movie: Mirai Fukuin,8.00,Movie (1 eps),Sep 2013 - Sep 2013,"113,323 members"
Kimi ni Todoke,8.00,TV (25 eps),Oct 2009 - Mar 2010,"911,962 members"
Shokugeki no Souma: San no Sara,8.00,TV (12 eps),Oct 2017 - Dec 2017,"949,960 members"
5-toubun no Hanayome∽,8.00,Special (2 eps),Sep 2023 - Sep 2023,"55,217 members"
Aria the OVA: Arietta,8.00,OVA (1 eps),Sep 2007 - Sep 2007,"37,213 members"
Azumanga Daiou The Animation,8.00,TV (26 eps),Apr 2002 - Oct 2002,"338,997 members"
Clannad,8.00,TV (23 eps),Oct 2007 - Mar 2008,"1,387,211 members"
Detective Conan Movie 15: Quarter of Silence,8.00,Movie (1 eps),Apr 2011 - Apr 2011,"47,129 members"
ef: A Tale of Melodies.,8.00,TV (12 eps),Oct 2008 - Dec 2008,"162,944 members"
Evangelion: 1.0 You Are (Not) Alone,8.00,Movie (1 eps),Sep 2007 - Sep 2007,"548,500 members"
Fullmetal Alchemist: Brotherhood Specials,8.00,Special (4 eps),Aug 2009 - Aug 2010,"156,000 members"
Hachimitsu to Clover,8.00,TV (24 eps),Apr 2005 - Sep 2005,"263,163 members"
Hibike! Euphonium,8.00,TV (13 eps),Apr 2015 - Jul 2015,"445,131 members"
Hyouge Mono,8.00,TV (39 eps),Apr 2011 - Jan 2012,"27,638 members"
Hololive Alternative,7.99,ONA (2 eps),May 2021 - Jun 2022,"10,755 members"
Honzuki no Gekokujou: Shisho ni Naru Tame ni wa Shudan wo Erandeiraremasen,7.99,TV (14 eps),Oct 2019 - Dec 2019,"291,533 members"
Wolf's Rain OVA,7.99,OVA (4 eps),Jan 2004 - Feb 2004,"66,478 members"
Yofukashi no Uta,7.99,TV (13 eps),Jul 2022 - Sep 2022,"538,691 members"
Yuuki Yuuna wa Yuusha de Aru: Washio Sumi no Shou 3 - Yakusoku,7.99,Movie (1 eps),Jul 2017 - Jul 2017,"14,449 members"
Koukaku Kidoutai: Stand Alone Complex 2nd GIG - Individual Eleven,7.99,Special (1 eps),Jan 2006 - Jan 2006,"29,198 members"
Luo Xiao Hei Zhan Ji (Movie),7.99,Movie (1 eps),Sep 2019 - Sep 2019,"24,900 members"
Naruto,7.99,TV (220 eps),Oct 2002 - Feb 2007,"2,766,015 members"
Kakushigoto,7.98,TV (12 eps),Apr 2020 - Jun 2020,"320,539 members"
Kidou Senshi Gundam: Suisei no Majo Season 2,7.98,TV (12 eps),Apr 2023 - Jul 2023,"75,204 members"
Kimi ni Todoke 2nd Season,7.98,TV (12 eps),Jan 2011 - Mar 2011,"463,078 members"
Maoujou de Oyasumi,7.98,TV (12 eps),Oct 2020 - Dec 2020,"203,609 members"
Quanzhi Gaoshou: Dianfeng Rongyao,7.98,Movie (1 eps),Aug 2019 - Aug 2019,"48,800 members"
Saint Seiya: The Lost Canvas - Meiou Shinwa,7.98,OVA (13 eps),Jun 2009 - Apr 2010,"105,975 members"
School Rumble Ni Gakki,7.98,TV (26 eps),Apr 2006 - Sep 2006,"159,120 members"
Code Geass: Hangyaku no Lelouch III - Oudou,7.98,Movie (1 eps),May 2018 - May 2018,"90,570 members"
Durarara!!x2 Shou,7.98,TV (12 eps),Jan 2015 - Mar 2015,"474,385 members"
Eve no Jikan (Movie),7.98,Movie (1 eps),Mar 2010 - Mar 2010,"123,185 members"
Sword Art Online: Progressive Movie - Hoshi Naki Yoru no Aria,7.98,Movie (1 eps),Oct 2021 - Oct 2021,"239,196 members"
xxxHOLiC,7.98,TV (24 eps),Apr 2006 - Sep 2006,"313,613 members"
Tate no Yuusha no Nariagari,7.97,TV (25 eps),Jan 2019 - Jun 2019,"1,528,719 members"
Tokyo Revengers,7.97,TV (24 eps),Apr 2021 - Sep 2021,"1,189,214 members"
Yuri!!! on Ice: Yuri Plisetsky GPF in Barcelona EX - Welcome to The Madness,7.97,Special (1 eps),May 2017 - May 2017,"81,805 members"
Kidou Keisatsu Patlabor 2 the Movie,7.97,Movie (1 eps),Aug 1993 - Aug 1993,"36,158 members"
Kidou Senshi Gundam 0080: Pocket no Naka no Sensou,7.97,OVA (6 eps),Mar 1989 - Aug 1989,"58,305 members"
Koukaku Kidoutai 2.0,7.97,Movie (1 eps),Jul 2008 - Jul 2008,"87,472 members"
Mahou Shoujo Lyrical Nanoha A's,7.97,TV (13 eps),Oct 2005 - Dec 2005,"64,221 members"
Nagi no Asu kara,7.97,TV (26 eps),Oct 2013 - Apr 2014,"591,296 members"
Ookiku Furikabutte: Natsu no Taikai-hen,7.97,TV (13 eps),Apr 2010 - Jun 2010,"43,950 members"
ReLIFE,7.97,TV (13 eps),Jul 2016 - Sep 2016,"1,007,798 members"
Rurouni Kenshin: Meiji Kenkaku Romantan - Seisou-hen,7.97,OVA (2 eps),Dec 2001 - Mar 2002,"82,972 members"
Akagami no Shirayuki-hime 2nd Season,7.97,TV (12 eps),Jan 2016 - Mar 2016,"350,192 members"
Boku no Hero Academia the Movie 2: Heroes:Rising,7.97,Movie (1 eps),Dec 2019 - Dec 2019,"550,651 members"
Bungou Stray Dogs Wan!,7.97,TV (12 eps),Jan 2021 - Mar 2021,"110,832 members"
Durarara!!x2 Ten,7.97,TV (12 eps),Jul 2015 - Sep 2015,"388,053 members"
Haibane Renmei,7.97,TV (13 eps),Oct 2002 - Dec 2002,"277,906 members"
High Score Girl II,7.97,TV (9 eps),Oct 2019 - Dec 2019,"132,730 members"
High Score Girl: Extra Stage,7.97,OVA (3 eps),Mar 2019 - Mar 2019,"72,412 members"
Aria the Benedizione,7.96,Movie (1 eps),Dec 2021 - Dec 2021,"7,010 members"
Aria the Origination: Sono Choppiri Himitsu no Basho ni...,7.96,Special (1 eps),Jun 2008 - Jun 2008,"21,359 members"
Doupo Cangqiong 4th Season,7.96,ONA (24 eps),Mar 2021 - Aug 2021,"6,594 members"
Dragon Ball,7.96,TV (153 eps),Feb 1986 - Apr 1989,"1,006,977 members"
Gensou Mangekyou: The Memories of Phantasm,7.96,OVA (18 eps),Aug 2011 - May 2023,"4,338 members"
Hokuto no Ken,7.96,TV (109 eps),Oct 1984 - Mar 1987,"128,201 members"
IDOLiSH7 Vibrato,7.96,ONA (8 eps),Feb 2018 - Mar 2019,"15,111 members"
Tennis no Oujisama: Zenkoku Taikai-hen - Final,7.96,OVA (7 eps),Apr 2008 - Jan 2009,"35,603 members"
Working!!!,7.96,TV (13 eps),Jul 2015 - Sep 2015,"243,746 members"
Youjo Senki,7.96,TV (12 eps),Jan 2017 - Mar 2017,"886,580 members"
Kobayashi-san Chi no Maid Dragon,7.96,TV (13 eps),Jan 2017 - Apr 2017,"1,200,933 members"
Love Live! Superstar!!,7.96,TV (12 eps),Jul 2021 - Oct 2021,"66,193 members"
Major Movie: Yuujou no Winning Shot,7.96,Movie (1 eps),Dec 2008 - Dec 2008,"20,256 members"
Sakasama no Patema,7.96,Movie (1 eps),Nov 2013 - Nov 2013,"283,714 members"
Kanon (2006),7.95,TV (24 eps),Oct 2006 - Mar 2007,"267,143 members"
Kobato.,7.95,TV (24 eps),Oct 2009 - Mar 2010,"164,358 members"
Kurenai no Buta,7.95,Movie (1 eps),Jul 1992 - Jul 1992,"240,115 members"
Niehime to Kemono no Ou,7.95,TV (24 eps),Apr 2023 - Sep 2023,"53,540 members"
Noragami,7.95,TV (12 eps),Jan 2014 - Mar 2014,"2,107,927 members"
Shokugeki no Souma: San no Sara - Tootsuki Ressha-hen,7.95,TV (12 eps),Apr 2018 - Jun 2018,"702,213 members"
Bishoujo Senshi Sailor Moon: Sailor Stars,7.95,TV (34 eps),Mar 1996 - Feb 1997,"110,531 members"
Girls & Panzer: Saishuushou Part 1,7.95,Movie (1 eps),Dec 2017 - Dec 2017,"46,754 members"
Hikaru no Go: Hokuto Hai e no Michi,7.95,Special (1 eps),Jan 2004 - Jan 2004,"23,655 members"
Tekkon Kinkreet,7.95,Movie (1 eps),Dec 2006 - Dec 2006,"109,240 members"
Undead Girl Murder Farce,7.95,TV (13 eps),Jul 2023 - Sep 2023,"102,584 members"
Watashi no Shiawase na Kekkon,7.95,TV (12 eps),Jul 2023 - Sep 2023,"199,974 members"
Wotaku ni Koi wa Muzukashii OVA,7.95,OVA (3 eps),Mar 2019 - Oct 2021,"199,249 members"
Takarajima,7.94,TV (26 eps),Oct 1978 - Apr 1979,"19,768 members"
Wotaku ni Koi wa Muzukashii,7.94,TV (11 eps),Apr 2018 - Jun 2018,"948,995 members"
Kidou Senshi Gundam Thunderbolt,7.94,ONA (4 eps),Dec 2015 - Apr 2016,"54,336 members"
Kidou Senshi Gundam Thunderbolt: December Sky,7.94,Movie (1 eps),Jun 2016 - Jun 2016,"22,888 members"
Kindaichi Shounen no Jikenbo,7.94,TV (148 eps),Apr 1997 - Sep 2000,"29,992 members"
Macross F Movie 2: Sayonara no Tsubasa,7.94,Movie (1 eps),Feb 2011 - Feb 2011,"27,071 members"
Macross: Do You Remember Love?,7.94,Movie (1 eps),Jul 1984 - Jul 1984,"46,662 members"
Mawaru Penguindrum,7.94,TV (24 eps),Jul 2011 - Dec 2011,"295,375 members"
Non Non Biyori,7.94,TV (12 eps),Oct 2013 - Dec 2013,"417,347 members"
Nurarihyon no Mago: Sennen Makyou,7.94,TV (24 eps),Jul 2011 - Dec 2011,"160,580 members"
One Piece Film: Strong World Episode 0,7.94,OVA (1 eps),Apr 2010 - Apr 2010,"83,069 members"
Osomatsu-san,7.94,TV (25 eps),Oct 2015 - Mar 2016,"169,564 members"
Phantom: Requiem for the Phantom,7.94,TV (26 eps),Apr 2009 - Sep 2009,"329,251 members"
Fate/Grand Order: Zettai Majuu Sensen Babylonia,7.94,TV (21 eps),Oct 2019 - Mar 2020,"271,671 members"
Full Moon wo Sagashite,7.94,TV (52 eps),Apr 2002 - Mar 2003,"107,701 members"
Bleach,7.93,TV (366 eps),Oct 2004 - Mar 2012,"1,898,625 members"
"Clannad: Mou Hitotsu no Sekai, Tomoyo-hen",7.93,Special (1 eps),Jul 2008 - Jul 2008,"301,280 members"
Fate/kaleid liner Prisma☆Illya Movie: Sekka no Chikai,7.93,Movie (1 eps),Aug 2017 - Aug 2017,"94,043 members"
Gake no Ue no Ponyo,7.93,Movie (1 eps),Jul 2008 - Jul 2008,"556,629 members"
Gochuumon wa Usagi desu ka? Bloom,7.93,TV (12 eps),Oct 2020 - Dec 2020,"61,296 members"
Hanamonogatari,7.93,TV (5 eps),Aug 2014 - Aug 2014,"418,952 members"
Hidamari Sketch x Honeycomb,7.93,TV (12 eps),Oct 2012 - Dec 2012,"23,250 members"
Usagi Drop Specials,7.93,Special (4 eps),Oct 2011 - Jan 2012,"69,623 members"
Wu Liuqi: Anying Suming,7.93,ONA (10 eps),Jan 2023 - Mar 2023,"15,294 members"
xxxHOLiC Movie: Manatsu no Yoru no Yume,7.93,Movie (1 eps),Aug 2005 - Aug 2005,"65,105 members"
Yowamushi Pedal,7.93,TV (38 eps),Oct 2013 - Jul 2014,"228,529 members"
Kimi to Boku. 2,7.93,TV (13 eps),Apr 2012 - Jun 2012,"87,184 members"
Kokoro Connect: Michi Random,7.93,Special (4 eps),Nov 2012 - Dec 2012,"255,959 members"
Kono Oto Tomare!,7.93,TV (13 eps),Apr 2019 - Jun 2019,"292,179 members"
Nekomonogatari: Kuro,7.93,TV (4 eps),Dec 2012 - Dec 2012,"542,764 members"
Promare,7.93,Movie (1 eps),May 2019 - May 2019,"271,128 members"
Kaleido Star,7.92,TV (51 eps),Apr 2003 - Mar 2004,"83,924 members"
Kingdom,7.92,TV (38 eps),Jun 2012 - Feb 2013,"208,369 members"
Kuuchuu Buranko,7.92,TV (11 eps),Oct 2009 - Dec 2009,"91,779 members"
Log Horizon,7.92,TV (25 eps),Oct 2013 - Mar 2014,"1,093,898 members"
Love Live! The School Idol Movie,7.92,Movie (1 eps),Jun 2015 - Jun 2015,"128,472 members"
Overlord III,7.92,TV (13 eps),Jul 2018 - Oct 2018,"872,652 members"
Shen Yin Wangzuo 2nd Season,7.92,ONA (52 eps),Nov 2022 -,"2,720 members"
BanG Dream! Movie: Poppin' Dream!,7.92,Movie (1 eps),Jan 2022 - Jan 2022,"8,249 members"
Bungou Stray Dogs: Dead Apple,7.92,Movie (1 eps),Mar 2018 - Mar 2018,"266,546 members"
Darker than Black: Kuro no Keiyakusha Gaiden,7.92,Special (4 eps),Jan 2010 - Jul 2010,"253,893 members"
Eyeshield 21,7.92,TV (145 eps),Apr 2005 - Mar 2008,"179,820 members"
Full Metal Panic! The Second Raid,7.92,TV (13 eps),Jul 2005 - Oct 2005,"257,399 members"
Tamako Love Story,7.92,Movie (1 eps),Apr 2014 - Apr 2014,"376,579 members"
Touhai Densetsu Akagi: Yami ni Maiorita Tensai,7.92,TV (26 eps),Oct 2005 - Mar 2006,"101,142 members"
Trigun: Badlands Rumble,7.92,Movie (1 eps),Apr 2010 - Apr 2010,"139,598 members"
Vampire Hunter D (2000),7.92,Movie (1 eps),Aug 2000 - Aug 2000,"187,090 members"
Vanitas no Karte,7.91,TV (12 eps),Jul 2021 - Sep 2021,"502,613 members"
Yakitate!! Japan,7.91,TV (69 eps),Oct 2004 - Mar 2006,"96,444 members"
Yuru Yuri San☆Hai!,7.91,TV (12 eps),Oct 2015 - Dec 2015,"122,354 members"
Zetsuen no Tempest,7.91,TV (24 eps),Oct 2012 - Mar 2013,"587,350 members"
Overlord,7.91,TV (13 eps),Jul 2015 - Sep 2015,"1,539,188 members"
Plastic Memories,7.91,TV (13 eps),Apr 2015 - Jun 2015,"919,373 members"
SKET Dance: Imouto no Nayami ni Nayamu Ani ni Nayamu Imouto to Sono Nakama-tachi,7.91,OVA (1 eps),Feb 2013 - Feb 2013,"21,443 members"
City Hunter,7.91,TV (51 eps),Apr 1987 - Mar 1988,"78,261 members"
Code Geass: Fukkatsu no Lelouch,7.91,Movie (1 eps),Feb 2019 - Feb 2019,"305,846 members"
Detective Conan OVA 09: The Stranger in 10 Years...,7.91,OVA (1 eps),Jun 2009 - Jun 2009,"20,796 members"
Final Fantasy VII: Advent Children Complete,7.91,OVA (1 eps),Apr 2009 - Apr 2009,"130,429 members"
Hanasaku Iroha,7.91,TV (26 eps),Apr 2011 - Sep 2011,"326,517 members"
Boku no Hero Academia 4th Season,7.90,TV (25 eps),Oct 2019 - Apr 2020,"1,665,672 members"
Date A Live II: Kurumi Star Festival,7.90,OVA (1 eps),Dec 2014 - Dec 2014,"180,556 members"
Ergo Proxy,7.90,TV (23 eps),Feb 2006 - Aug 2006,"631,012 members"
Gakuen Babysitters,7.90,TV (12 eps),Jan 2018 - Mar 2018,"326,954 members"
Ginga Sengoku Gunyuuden Rai,7.90,TV (52 eps),Apr 1994 - Mar 1995,"15,272 members"
Hidamari Sketch x ☆☆☆,7.90,TV (12 eps),Jan 2010 - Mar 2010,"27,340 members"
Initial D Third Stage,7.90,Movie (1 eps),Jan 2001 - Jan 2001,"172,507 members"
Jormungand: Perfect Order,7.90,TV (12 eps),Oct 2012 - Dec 2012,"188,174 members"
Yagate Kimi ni Naru,7.90,TV (13 eps),Oct 2018 - Dec 2018,"328,289 members"
Yuri!!! on Ice,7.90,TV (12 eps),Oct 2016 - Dec 2016,"862,804 members"
Zoku Sayonara Zetsubou Sensei,7.90,TV (13 eps),Jan 2008 - Mar 2008,"130,395 members"
Kidou Senshi Zeta Gundam,7.90,TV (50 eps),Mar 1985 - Feb 1986,"72,416 members"
"Komi-san wa, Comyushou desu.",7.90,TV (12 eps),Oct 2021 - Dec 2021,"838,373 members"
Lupin III (2015),7.90,TV (24 eps),Oct 2015 - Mar 2016,"69,459 members"
Macross,7.90,TV (36 eps),Oct 1982 - Jun 1983,"106,896 members"
Ore Monogatari!!,7.90,TV (24 eps),Apr 2015 - Sep 2015,"656,820 members"
Sakigake!! Cromartie Koukou,7.90,TV (26 eps),Oct 2003 - Mar 2004,"136,373 members"
Shirokuma Cafe,7.90,TV (50 eps),Apr 2012 - Mar 2013,"92,802 members"
Karigurashi no Arrietty,7.89,Movie (1 eps),Jul 2010 - Jul 2010,"337,306 members"
Kidou Senshi Gundam: Suisei no Majo,7.89,TV (12 eps),Oct 2022 - Jan 2023,"138,333 members"
Kotonoha no Niwa,7.89,Movie (1 eps),May 2013 - May 2013,"840,327 members"
Macross F,7.89,TV (25 eps),Apr 2008 - Sep 2008,"144,855 members"
One Piece Film: Gold,7.89,Movie (1 eps),Jul 2016 - Jul 2016,"207,759 members"
Quanzhi Gaoshou 2,7.89,ONA (12 eps),Sep 2020 - Dec 2020,"115,198 members"
Saiunkoku Monogatari,7.89,TV (39 eps),Apr 2006 - Feb 2007,"94,254 members"
School Rumble,7.89,TV (26 eps),Oct 2004 - Mar 2005,"323,000 members"
Aria the Avvenire,7.89,Special (3 eps),Sep 2015 - Sep 2015,"27,017 members"
BanG Dream! Film Live 2nd Stage,7.89,Movie (1 eps),Aug 2021 - Aug 2021,"6,667 members"
Bishoujo Senshi Sailor Moon S,7.89,TV (38 eps),Mar 1994 - Feb 1995,"143,445 members"
Densetsu Kyojin Ideon: Hatsudou-hen,7.89,Movie (1 eps),Jul 1982 - Jul 1982,"9,765 members"
Drifters,7.89,TV (12 eps),Oct 2016 - Dec 2016,"552,809 members"
ef: A Tale of Memories.,7.89,TV (12 eps),Oct 2007 - Dec 2007,"252,517 members"
Free! Eternal Summer: Kindan no All Hard!,7.89,Special (1 eps),Mar 2015 - Mar 2015,"92,601 members"
Higurashi no Naku Koro ni,7.89,TV (26 eps),Apr 2006 - Sep 2006,"789,664 members"
Ie Naki Ko Remy,7.89,TV (23 eps),Sep 1996 - Mar 1997,"20,202 members"
JoJo no Kimyou na Bouken (TV),7.89,TV (26 eps),Oct 2012 - Apr 2013,"1,604,835 members"
Tennis no Oujisama: Zenkoku Taikai-hen,7.89,OVA (13 eps),Mar 2006 - Mar 2007,"45,587 members"
Tonikaku Kawaii,7.89,TV (12 eps),Oct 2020 - Dec 2020,"711,147 members"
Ushio to Tora (TV) 2nd Season,7.89,TV (13 eps),Apr 2016 - Jun 2016,"130,034 members"
Space☆Dandy,7.88,TV (13 eps),Jan 2014 - Mar 2014,"347,115 members"
Summer Ghost,7.88,Movie (1 eps),Nov 2021 - Nov 2021,"94,396 members"
Tennis no Oujisama: Zenkoku Taikai-hen - Semifinal,7.88,OVA (6 eps),Jun 2007 - Jan 2008,"36,653 members"
Terra e... (TV),7.88,TV (24 eps),Apr 2007 - Sep 2007,"61,021 members"
Kami nomi zo Shiru Sekai II,7.88,TV (12 eps),Apr 2011 - Jun 2011,"384,329 members"
Les Misérables: Shoujo Cosette,7.88,TV (52 eps),Jan 2007 - Dec 2007,"28,664 members"
Megalo Box,7.88,TV (13 eps),Apr 2018 - Jun 2018,"496,014 members"
"Natsu e no Tunnel, Sayonara no Deguchi",7.88,Movie (1 eps),Sep 2022 - Sep 2022,"104,385 members"
One Piece: Episode of East Blue - Luffy to 4-nin no Nakama no Daibouken,7.88,Special (1 eps),Aug 2017 - Aug 2017,"39,577 members"
Ookiku Furikabutte,7.88,TV (25 eps),Apr 2007 - Sep 2007,"98,962 members"
Osomatsu-san Movie,7.88,Movie (1 eps),Mar 2019 - Mar 2019,"14,763 members"
Shijou Saikyou no Deshi Kenichi OVA,7.88,OVA (11 eps),Mar 2012 - May 2014,"56,441 members"
Shingeki no Kyojin OVA,7.88,OVA (3 eps),Dec 2013 - Aug 2014,"449,398 members"
Boku no Hero Academia,7.88,TV (13 eps),Apr 2016 - Jun 2016,"2,931,020 members"
Code Geass: Hangyaku no Lelouch I - Koudou,7.88,Movie (1 eps),Oct 2017 - Oct 2017,"98,288 members"
Death Billiards,7.88,Movie (1 eps),Mar 2013 - Mar 2013,"235,348 members"
Detective Conan Movie 02: The Fourteenth Target,7.88,Movie (1 eps),Apr 1998 - Apr 1998,"62,421 members"
Heartcatch Precure!,7.88,TV (49 eps),Feb 2010 - Jan 2011,"31,181 members"
Hoozuki no Reitetsu 2nd Season,7.88,TV (13 eps),Oct 2017 - Dec 2017,"46,155 members"
Hug tto! Precure,7.88,TV (49 eps),Feb 2018 - Jan 2019,"15,965 members"
Jigoku Shoujo Futakomori,7.88,TV (26 eps),Oct 2006 - Apr 2007,"158,927 members"
5-toubun no Hanayome Movie,7.87,Movie (1 eps),May 2022 - May 2022,"219,544 members"
Berserk: Ougon Jidai-hen - Memorial Edition,7.87,TV (13 eps),Oct 2022 - Dec 2022,"35,304 members"
Berserk: Ougon Jidai-hen II - Doldrey Kouryaku,7.87,Movie (1 eps),Jun 2012 - Jun 2012,"207,249 members"
Carnival Phantasm,7.87,OVA (12 eps),Aug 2011 - Dec 2011,"193,937 members"
Cool Doji Danshi,7.87,TV (24 eps),Oct 2022 - Mar 2023,"82,751 members"
Ginga Eiyuu Densetsu: Waga Yuku wa Hoshi no Taikai,7.87,Movie (1 eps),Feb 1988 - Feb 1988,"38,198 members"
Golden Kamuy,7.87,TV (12 eps),Apr 2018 - Jun 2018,"372,705 members"
Hibike! Euphonium: Ensemble Contest-hen,7.87,Movie (1 eps),Aug 2023 - Aug 2023,"11,358 members"
High☆Speed! Movie: Free! Starting Days,7.87,Movie (1 eps),Dec 2015 - Dec 2015,"91,267 members"
Top wo Nerae! Gunbuster,7.87,OVA (6 eps),Oct 1988 - Jul 1989,"123,640 members"
Umibe no Étranger,7.87,Movie (1 eps),Sep 2020 - Sep 2020,"165,283 members"
Zan Sayonara Zetsubou Sensei,7.87,TV (13 eps),Jul 2009 - Sep 2009,"105,649 members"
Kidou Senshi Gundam: Suisei no Majo - Prologue,7.87,Special (1 eps),Jul 2022 - Jul 2022,"41,504 members"
Mahou Shoujo Lyrical Nanoha: The Movie 1st,7.87,Movie (1 eps),Jan 2010 - Jan 2010,"30,779 members"
Musekinin Kanchou Tylor,7.87,TV (26 eps),Jan 1993 - Jul 1993,"48,543 members"
Ookami to Koushinryou II: Ookami to Kohakuiro no Yuuutsu,7.87,OVA (1 eps),Apr 2009 - Apr 2009,"166,229 members"
Quanzhi Gaoshou,7.87,ONA (12 eps),Apr 2017 - Jun 2017,"361,602 members"
Shingeki no Kyojin Movie 2: Jiyuu no Tsubasa,7.87,Movie (1 eps),Jun 2015 - Jun 2015,"124,451 members"
Lupin III vs. Detective Conan: The Movie,7.86,Movie (1 eps),Dec 2013 - Dec 2013,"31,608 members"
Lupin the IIIrd: Chikemuri no Ishikawa Goemon,7.86,Movie (1 eps),Feb 2017 - Feb 2017,"38,757 members"
Machikado Mazoku: 2-choume,7.86,TV (12 eps),Apr 2022 - Jul 2022,"64,269 members"
Magic Kaito 1412,7.86,TV (24 eps),Oct 2014 - Mar 2015,"121,641 members"
Mushoku Tensei: Isekai Ittara Honki Dasu - Eris no Goblin Toubatsu,7.86,Special (1 eps),Mar 2022 - Mar 2022,"153,594 members"
New Initial D Movie: Legend 3 - Mugen,7.86,Movie (1 eps),Feb 2016 - Feb 2016,"26,505 members"
Non Non Biyori Repeat: Hotaru ga Tanoshinda,7.86,OVA (1 eps),Sep 2016 - Sep 2016,"48,403 members"
One Piece 3D2Y: Ace no shi wo Koete! Luffy Nakama Tono Chikai,7.86,Special (1 eps),Aug 2014 - Aug 2014,"90,126 members"
Paradise Kiss,7.86,TV (12 eps),Oct 2005 - Dec 2005,"218,743 members"
Sayonara Zetsubou Sensei,7.86,TV (12 eps),Jul 2007 - Sep 2007,"339,042 members"
Seitokai Yakuindomo* OVA,7.86,OVA (10 eps),May 2014 - Sep 2020,"77,958 members"
Sekaiichi Hatsukoi OVA,7.86,OVA (2 eps),Mar 2011 - Sep 2011,"70,056 members"
Beelzebub,7.86,TV (60 eps),Jan 2011 - Mar 2012,"584,639 members"
Carole & Tuesday,7.86,TV (24 eps),Apr 2019 - Oct 2019,"319,920 members"
Cike Wu Liuqi,7.86,ONA (10 eps),Apr 2018 - Jun 2018,"95,949 members"
Crayon Shin-chan Movie 09: Arashi wo Yobu Mouretsu! Otona Teikoku no Gyakushuu,7.86,Movie (1 eps),Apr 2001 - Apr 2001,"9,759 members"
Dance Dance Danseur,7.86,TV (11 eps),Apr 2022 - Jun 2022,"80,038 members"
Detective Conan Movie 01: The Timed Skyscraper,7.86,Movie (1 eps),Apr 1997 - Apr 1997,"70,164 members"
Hoozuki no Reitetsu 2nd Season: Sono Ni,7.86,TV (13 eps),Apr 2018 - Jul 2018,"28,308 members"
Ie Naki Ko,7.86,TV (51 eps),Oct 1977 - Oct 1978,"15,243 members"
InuYasha,7.86,TV (167 eps),Oct 2000 - Sep 2004,"776,975 members"
Tennis no Oujisama,7.86,TV (178 eps),Oct 2001 - Mar 2005,"180,388 members"
Youkoso Jitsuryoku Shijou Shugi no Kyoushitsu e,7.86,TV (12 eps),Jul 2017 - Sep 2017,"1,188,159 members"
Tiger & Bunny,7.85,TV (25 eps),Apr 2011 - Sep 2011,"223,774 members"
Tunshi Xingkong 2nd Season,7.85,ONA (26 eps),Dec 2021 - Sep 2022,"4,903 members"
Urusei Yatsura 2: Beautiful Dreamer,7.85,Movie (1 eps),Feb 1984 - Feb 1984,"19,382 members"
Violet Evergarden CM,7.85,ONA (2 eps),May 2016 - Mar 2017,"5,939 members"
Yuru Yuri Nachuyachumi!,7.85,OVA (1 eps),Feb 2015 - Feb 2015,"72,263 members"
Noragami Aragoto OVA,7.85,OVA (2 eps),Nov 2015 - Mar 2016,"254,915 members"
Sekaiichi Hatsukoi Movie: Yokozawa Takafumi no Baai,7.85,Movie (1 eps),Mar 2014 - Mar 2014,"65,577 members"
"Shangri-La Frontier: Kusoge Hunter, Kamige ni Idoman to su",7.85,TV (? eps),Oct 2023 -,"40,315 members"
Detective Conan Movie 22: Zero the Enforcer,7.85,Movie (1 eps),Apr 2018 - Apr 2018,"29,506 members"
Detective Conan Movie 23: The Fist of Blue Sapphire,7.85,Movie (1 eps),Apr 2019 - Apr 2019,"28,119 members"
Douluo Dalu,7.85,ONA (26 eps),Jan 2018 - Jul 2018,"27,556 members"
Durarara!! Specials,7.85,Special (2 eps),Aug 2010 - Feb 2011,"166,351 members"
Hoozuki no Reitetsu OVA,7.85,OVA (4 eps),Feb 2015 - Mar 2017,"17,153 members"
K-On!,7.85,TV (13 eps),Apr 2009 - Jun 2009,"1,028,172 members"
K-On!!: Keikaku!,7.85,Special (1 eps),Mar 2011 - Mar 2011,"123,671 members"
Ano Hi Mita Hana no Namae wo Bokutachi wa Mada Shiranai. Movie,7.84,Movie (1 eps),Aug 2013 - Aug 2013,"289,573 members"
Grisaia no Meikyuu: Caprice no Mayu 0,7.84,Special (1 eps),Apr 2015 - Apr 2015,"226,659 members"
Hanasaku Iroha Movie: Home Sweet Home,7.84,Movie (1 eps),Mar 2013 - Mar 2013,"89,348 members"
Jibaku Shounen Hanako-kun,7.84,TV (12 eps),Jan 2020 - Mar 2020,"569,203 members"
K-On!: Live House!,7.84,Special (1 eps),Jan 2010 - Jan 2010,"157,974 members"
Soul Eater,7.84,TV (51 eps),Apr 2008 - Mar 2009,"1,586,456 members"
Trigun Stampede,7.84,TV (12 eps),Jan 2023 - Mar 2023,"156,536 members"
Tunshi Xingkong,7.84,ONA (26 eps),Nov 2020 - May 2021,"6,596 members"
Uchouten Kazoku,7.84,TV (13 eps),Jul 2013 - Sep 2013,"164,858 members"
Uma Musume: Pretty Derby - Road to the Top,7.84,ONA (4 eps),Apr 2023 - May 2023,"9,872 members"
Yamada-kun to Lv999 no Koi wo Suru,7.84,TV (13 eps),Apr 2023 - Jun 2023,"330,971 members"
Yume-iro Pâtissière,7.84,TV (50 eps),Oct 2009 - Sep 2010,"80,360 members"
Yuusha-Ou GaoGaiGar,7.84,TV (49 eps),Feb 1997 - Jan 1998,"21,203 members"
Kaleido Star: Legend of Phoenix - Layla Hamilton Monogatari,7.84,OVA (1 eps),Dec 2005 - Dec 2005,"14,139 members"
Kono Subarashii Sekai ni Shukufuku wo! Kono Subarashii Choker ni Shukufuku wo!,7.84,OVA (1 eps),Jun 2016 - Jun 2016,"392,720 members"
Magi: Sinbad no Bouken (TV),7.84,TV (13 eps),Apr 2016 - Jul 2016,"469,861 members"
One Piece Film: Red,7.84,Movie (1 eps),Aug 2022 - Aug 2022,"147,331 members"
Oniisama e...,7.84,TV (39 eps),Jul 1991 - May 1992,"45,373 members"
Seihou Bukyou Outlaw Star,7.84,TV (24 eps),Jan 1998 - Jun 1998,"152,642 members"
Sekaiichi Hatsukoi 2,7.84,TV (12 eps),Oct 2011 - Dec 2011,"154,681 members"
Shingeki no Kyojin Season 2 Movie: Kakusei no Houkou,7.84,Movie (1 eps),Jan 2018 - Jan 2018,"67,105 members"
Kara no Kyoukai Movie 4: Garan no Dou,7.83,Movie (1 eps),May 2008 - May 2008,"211,266 members"
Kidou Senshi Gundam: Senkou no Hathaway,7.83,Movie (1 eps),Jun 2021 - Jun 2021,"35,421 members"
Michiko to Hatchin,7.83,TV (22 eps),Oct 2008 - Mar 2009,"196,453 members"
Planetarian: Hoshi no Hito,7.83,Movie (1 eps),Sep 2016 - Sep 2016,"47,430 members"
Seitokai Yakuindomo Movie,7.83,Movie (1 eps),Jul 2017 - Jul 2017,"58,828 members"
91 Days,7.83,TV (12 eps),Jul 2016 - Oct 2016,"701,660 members"
Aoki Hagane no Arpeggio: Ars Nova Movie 2 - Cadenza,7.83,Movie (1 eps),Oct 2015 - Oct 2015,"30,872 members"
Beastars,7.83,TV (12 eps),Oct 2019 - Dec 2019,"826,022 members"
Break Blade Movie 4: Sanka no Chi,7.83,Movie (1 eps),Oct 2010 - Oct 2010,"57,352 members"
Capeta,7.83,TV (52 eps),Oct 2005 - Sep 2006,"26,549 members"
Danshi Koukousei no Nichijou Specials,7.83,Special (6 eps),Apr 2012 - Sep 2012,"134,594 members"
Gekkan Shoujo Nozaki-kun,7.83,TV (12 eps),Jul 2014 - Sep 2014,"907,910 members"
Gungrave,7.83,TV (26 eps),Oct 2003 - Mar 2004,"186,551 members"
Haikyuu!! Riku vs. Kuu,7.83,OVA (2 eps),Jan 2020 - Jan 2020,"288,885 members"
Hidamari Sketch x 365,7.83,TV (13 eps),Jul 2008 - Sep 2008,"31,639 members"
Id:Invaded,7.83,TV (13 eps),Jan 2020 - Mar 2020,"354,610 members"
Suzumiya Haruhi no Yuuutsu,7.83,TV (14 eps),Apr 2006 - Jul 2006,"899,972 members"
Tanaka-kun wa Itsumo Kedaruge,7.83,TV (12 eps),Apr 2016 - Jun 2016,"451,551 members"
Tomo-chan wa Onnanoko!,7.83,TV (13 eps),Jan 2023 - Mar 2023,"342,002 members"
Wan Sheng Jie,7.83,ONA (12 eps),Apr 2020 - May 2020,"24,394 members"
Tamayura: Sotsugyou Shashin Part 3 - Akogare,7.82,Movie (1 eps),Nov 2015 - Nov 2015,"9,692 members"
Tasogare Otome x Amnesia,7.82,TV (12 eps),Apr 2012 - Jun 2012,"394,494 members"
Tentai Senshi Sunred 2nd Season,7.82,TV (26 eps),Oct 2009 - Mar 2010,"7,952 members"
Working'!!,7.82,TV (13 eps),Oct 2011 - Dec 2011,"260,461 members"
Yi Nian Yong Heng,7.82,ONA (52 eps),Aug 2020 - Jul 2021,"15,581 members"
Yuru Yuri♪♪,7.82,TV (12 eps),Jul 2012 - Sep 2012,"182,705 members"
Kokoro ga Sakebitagatterunda.,7.82,Movie (1 eps),Sep 2015 - Sep 2015,"324,237 members"
Ojamajo Doremi Na-i-sho,7.82,OVA (13 eps),Jun 2004 - Dec 2004,"10,472 members"
Ragna Crimson,7.83,TV (24 eps),Oct 2023 -,"47,619 members"
Seto no Hanayome OVA,7.82,OVA (2 eps),Nov 2008 - Jan 2009,"52,705 members"
Somali to Mori no Kamisama,7.82,TV (12 eps),Jan 2020 - Mar 2020,"281,677 members"
Bungou Stray Dogs,7.82,TV (12 eps),Apr 2016 - Jun 2016,"1,338,088 members"
Eikoku Koi Monogatari Emma: Molders-hen,7.82,TV (12 eps),Apr 2007 - Jul 2007,"26,688 members"
Flanders no Inu (Movie),7.82,Movie (1 eps),Mar 1997 - Mar 1997,"21,836 members"
Haikyuu!! (OVA),7.82,OVA (10 eps),Mar 2020 - Mar 2020,"30,709 members"
Hibike! Euphonium Movie 2: Todoketai Melody,7.82,Movie (1 eps),Sep 2017 - Sep 2017,"29,064 members"
Isekai Ojisan,7.82,TV (13 eps),Jul 2022 - Mar 2023,"318,100 members"
Aggressive Retsuko (ONA) 3rd Season,7.81,ONA (10 eps),Aug 2020 - Aug 2020,"86,701 members"
Akachan to Boku,7.81,TV (35 eps),Jul 1996 - Mar 1997,"22,395 members"
Blue Period,7.81,TV (12 eps),Oct 2021 - Dec 2021,"440,864 members"
Break Blade Movie 5: Shisen no Hate,7.81,Movie (1 eps),Jan 2011 - Jan 2011,"55,098 members"
Detective Conan Movie 08: Time Travel of the Silver Sky,7.81,Special (1 eps),Apr 2004 - Apr 2004,"21,254 members"
Doraemon (1979),7.81,TV (1787 eps),Apr 1979 - Mar 2005,"60,840 members"
Enen no Shouboutai: Ni no Shou,7.81,TV (24 eps),Jul 2020 - Dec 2020,"734,646 members"
Go! Princess Precure,7.81,TV (50 eps),Feb 2015 - Jan 2016,"17,588 members"
Goku Sayonara Zetsubou Sensei,7.81,OVA (3 eps),Oct 2008 - Feb 2009,"63,806 members"
Hidamari Sketch x ☆☆☆ Specials,7.81,Special (2 eps),Oct 2010 - Oct 2010,"14,780 members"
Igano Kabamaru,7.81,TV (24 eps),Oct 1983 - Mar 1984,"10,886 members"
Jungle wa Itsumo Hare nochi Guu,7.81,TV (26 eps),Apr 2001 - Sep 2001,"33,684 members"
Star☆Twinkle Precure: Hoshi no Uta ni Omoi wo Komete,7.81,Movie (1 eps),Oct 2019 - Oct 2019,"3,811 members"
Wan Sheng Jie 2,7.81,ONA (12 eps),Oct 2020 - Dec 2020,"11,408 members"
Kobayashi-san Chi no Maid Dragon S: Nippon no Omotenashi - Attend wa Dragon desu,7.81,Special (1 eps),Jan 2022 - Jan 2022,"70,109 members"
Kuroko no Basket Movie 3: Winter Cup - Tobira no Mukou,7.81,Movie (1 eps),Dec 2016 - Dec 2016,"40,690 members"
Little Witch Academia (TV),7.81,TV (25 eps),Jan 2017 - Jun 2017,"627,484 members"
Lupin III: The First,7.81,Movie (1 eps),Dec 2019 - Dec 2019,"31,142 members"
Lupin the IIIrd: Jigen Daisuke no Bohyou,7.81,Movie (1 eps),Jun 2014 - Jun 2014,"28,388 members"
Mahoujin Guruguru (2017),7.81,TV (24 eps),Jul 2017 - Dec 2017,"32,469 members"
Mairimashita! Iruma-kun 3rd Season,7.81,TV (21 eps),Oct 2022 - Mar 2023,"172,162 members"
Maria-sama ga Miteru 3rd,7.81,OVA (5 eps),Dec 2006 - Jul 2007,"22,362 members"
Otonari no Tenshi-sama ni Itsunomanika Dame Ningen ni Sareteita Ken,7.81,TV (12 eps),Jan 2023 - Mar 2023,"265,191 members"
Owarimonogatari 2nd Season Recaps,7.81,Special (2 eps),Aug 2017 - Aug 2017,"25,461 members"
Shingeki no Kyojin: Lost Girls,7.81,OVA (3 eps),Dec 2017 - Aug 2018,"297,152 members"
Slayers Try,7.81,TV (26 eps),Apr 1997 - Sep 1997,"54,116 members"
Kuroko no Basket: Tip Off,7.80,Special (1 eps),Feb 2013 - Feb 2013,"102,641 members"
Little Witch Academia,7.80,Movie (1 eps),Mar 2013 - Mar 2013,"307,488 members"
Lucky☆Star: Original na Visual to Animation,7.80,OVA (1 eps),Sep 2008 - Sep 2008,"130,931 members"
Magi: Sinbad no Bouken,7.80,OVA (5 eps),May 2014 - Jul 2015,"132,384 members"
New Initial D Movie: Legend 2 - Tousou,7.80,Movie (1 eps),May 2015 - May 2015,"29,379 members"
Nodame Cantabile: Finale - Mine to Kiyora no Saikai,7.80,Special (1 eps),Apr 2010 - Apr 2010,"43,632 members"
Princess Connect! Re:Dive Season 2,7.80,TV (12 eps),Jan 2022 - Mar 2022,"120,995 members"
Saint☆Oniisan (Movie),7.80,Movie (1 eps),May 2013 - May 2013,"94,098 members"
Baby Steps,7.80,TV (25 eps),Apr 2014 - Sep 2014,"144,776 members"
Beastars 2nd Season,7.80,TV (12 eps),Jan 2021 - Mar 2021,"424,198 members"
City Hunter 3,7.80,TV (13 eps),Oct 1989 - Jan 1990,"21,024 members"
Detective Conan Movie 07: Crossroad in the Ancient Capital,7.80,Movie (1 eps),Apr 2003 - Apr 2003,"50,707 members"
Inu-Ou,7.80,Movie (1 eps),May 2022 - May 2022,"24,193 members"
InuYasha Movie 3: Tenka Hadou no Ken,7.80,Movie (1 eps),Dec 2003 - Dec 2003,"99,763 members"
Jormungand,7.80,TV (12 eps),Apr 2012 - Jun 2012,"354,060 members"
Tunshi Xingkong 3rd Season,7.80,ONA (33 eps),Sep 2022 - Apr 2023,439 members
Wolf's Rain,7.80,TV (26 eps),Jan 2003 - Jul 2003,"322,498 members"
Wu Shan Wu Xing (2020),7.80,ONA (3 eps),Jul 2020 - Aug 2020,"54,046 members"
Taishou Otome Otogibanashi,7.79,TV (12 eps),Oct 2021 - Dec 2021,"135,864 members"
The Last: Naruto the Movie,7.79,Movie (1 eps),Dec 2014 - Dec 2014,"589,016 members"
Tokyo Ghoul,7.79,TV (12 eps),Jul 2014 - Sep 2014,"2,741,009 members"
Yuuki Yuuna wa Yuusha de Aru: Washio Sumi no Shou 2 - Tamashii,7.79,Movie (1 eps),Apr 2017 - Apr 2017,"14,224 members"
Kekkai Sensen & Beyond,7.79,TV (12 eps),Oct 2017 - Dec 2017,"425,826 members"
Last Exile,7.79,TV (26 eps),Apr 2003 - Sep 2003,"171,948 members"
New Initial D Movie: Legend 1 - Kakusei,7.79,Movie (1 eps),Aug 2014 - Aug 2014,"36,553 members"
Psycho-Pass 3: First Inspector,7.79,ONA (3 eps),Mar 2020 - Mar 2020,"92,639 members"
Seikai no Senki II,7.79,TV (10 eps),Jul 2001 - Sep 2001,"23,393 members"
Shadows House,7.79,TV (13 eps),Apr 2021 - Jul 2021,"236,640 members"
Coquelicot-zaka kara,7.79,Movie (1 eps),Jul 2011 - Jul 2011,"195,326 members"
Detective Conan Movie 09: Strategy Above the Depths,7.79,Movie (1 eps),Apr 2005 - Apr 2005,"48,599 members"
Digimon Adventure: Bokura no War Game!,7.79,Movie (1 eps),Mar 2000 - Mar 2000,"76,990 members"
Emiya-san Chi no Kyou no Gohan,7.79,ONA (13 eps),Jan 2018 - Jan 2019,"127,797 members"
Giant Robo the Animation: Chikyuu ga Seishi Suru Hi,7.79,OVA (7 eps),Jul 1992 - Jan 1998,"26,185 members"
Ginga Tetsudou 999,7.79,TV (113 eps),Sep 1978 - Mar 1981,"36,581 members"
Jungle wa Itsumo Hare nochi Guu Deluxe,7.79,OVA (6 eps),Aug 2002 - Jan 2003,"12,331 members"
Akage no Anne,7.78,TV (50 eps),Jan 1979 - Dec 1979,"31,813 members"
Aria the Crepuscolo,7.78,Movie (1 eps),Mar 2021 - Mar 2021,"11,744 members"
Break Blade Movie 3: Kyoujin no Ato,7.78,Movie (1 eps),Sep 2010 - Sep 2010,"58,515 members"
"Clannad: After Story - Mou Hitotsu no Sekai, Kyou-hen",7.78,Special (1 eps),Jul 2009 - Jul 2009,"260,174 members"
Code Geass: Hangyaku no Lelouch R2 Special Edition - Zero Requiem,7.78,OVA (1 eps),Jul 2009 - Jul 2009,"48,126 members"
Crayon Shin-chan,7.78,TV (? eps),Apr 1992 -,"81,152 members"
Date A Live IV,7.78,TV (12 eps),Apr 2022 - Jun 2022,"235,315 members"
Detective Conan Movie 12: Full Score of Fear,7.78,Movie (1 eps),Apr 2008 - Apr 2008,"46,243 members"
Fate/Grand Carnival,7.78,OVA (4 eps),Dec 2020 - Oct 2021,"52,318 members"
Gochuumon wa Usagi desu ka??,7.78,TV (12 eps),Oct 2015 - Dec 2015,"128,399 members"
Gochuumon wa Usagi desu ka?? Dear My Sister,7.78,Movie (1 eps),Nov 2017 - Nov 2017,"40,885 members"
Heike Monogatari,7.78,TV (11 eps),Jan 2022 - Mar 2022,"76,209 members"
Hoozuki no Reitetsu,7.78,TV (13 eps),Jan 2014 - Apr 2014,"129,056 members"
Innocence,7.78,Movie (1 eps),Mar 2004 - Mar 2004,"158,740 members"
Jin-Rou,7.78,Movie (1 eps),Jun 2000 - Jun 2000,"173,143 members"
Yi Nian Yong Heng: Chuan Cheng Pian,7.78,ONA (54 eps),Jul 2022 - Jul 2023,"5,413 members"
Kara no Kyoukai Movie 2: Satsujin Kousatsu (Zen),7.78,Movie (1 eps),Dec 2007 - Dec 2007,"236,492 members"
Kochira Katsushikaku Kameari Kouenmae Hashutsujo,7.78,TV (373 eps),Jun 1996 - Dec 2004,"18,075 members"
Macross F Movie 1: Itsuwari no Utahime,7.78,Movie (1 eps),Nov 2009 - Nov 2009,"30,523 members"
Magic Kaito,7.78,Special (12 eps),Apr 2010 - Dec 2012,"70,850 members"
Mind Game,7.78,Movie (1 eps),Aug 2004 - Aug 2004,"83,733 members"
Saiyuuki Gaiden,7.78,OVA (3 eps),Mar 2011 - Nov 2011,"13,492 members"
Seitokai Yakuindomo Movie 2,7.78,Movie (1 eps),Jan 2021 - Jan 2021,"30,930 members"
Shin Kidou Senki Gundam Wing: Endless Waltz Special,7.78,Movie (1 eps),Aug 1998 - Aug 1998,"58,942 members"
Sonny Boy,7.78,TV (12 eps),Jul 2021 - Oct 2021,"291,307 members"
Kidou Senshi Gundam,7.77,TV (43 eps),Apr 1979 - Jan 1980,"129,395 members"
Kumichou Musume to Sewagakari,7.77,TV (12 eps),Jul 2022 - Sep 2022,"202,589 members"
Love Live! School Idol Project 2nd Season,7.77,TV (13 eps),Apr 2014 - Jun 2014,"254,381 members"
Lupin III: Part II,7.77,TV (155 eps),Oct 1977 - Oct 1980,"33,976 members"
Lupin the Third: Mine Fujiko to Iu Onna,7.77,TV (13 eps),Apr 2012 - Jun 2012,"62,104 members"
Saraiya Goyou,7.77,TV (12 eps),Apr 2010 - Jul 2010,"91,076 members"
Sekaiichi Hatsukoi: Valentine-hen,7.77,Movie (1 eps),Mar 2014 - Mar 2014,"40,710 members"
